BATCH-R2-0001,AFY_BATCH_PRODUCTION_20260820_R2,569,'18029,Indiana,Dearborn,51609,Enneking Electric,ChIJQ1-sBd59aogR_KmRv0KLoKs,,60,60,Sunman,"22201 Ester Ridge Rd, Sunman, IN 47041",OPERATIONAL,TEXT_SEARCH_PRO_IDENTITY,
BATCH-R2-0002,AFY_BATCH_PRODUCTION_20260820_R2,600,'18103,Indiana,Miami,34487,"Love & Ross Contracting, LLC",ChIJP4symfVvFIgRvauECSca0n0,,60,60,Peru,"893 Bobtail Ct, Peru, IN 46970",OPERATIONAL,TEXT_SEARCH_PRO_IDENTITY,
BATCH-R2-0003,AFY_BATCH_PRODUCTION_20260820_R2,91,'04005,Arizona,Coconino,144368,RP ELECTRIC LLC,ChIJQUTBCdmOLYcR-pNqSYuC-Yw,,59,60,Flagstaff,"E 3rd Ave, Flagstaff, AZ 86004",OPERATIONAL,TEXT_SEARCH_PRO_IDENTITY,
BATCH-R2-0004,AFY_BATCH_PRODUCTION_20260820_R2,90,'04003,Arizona,Cochise,126332,Wilson Electric Services Corporation,ChIJZx_nrFMo14YRZ_2DI9UxVvM,,59,60,Sierra Vista,"100 5th St, Sierra Vista, AZ 85635",OPERATIONAL,TEXT_SEARCH_PRO_IDENTITY,
BATCH-R2-0005,AFY_BATCH_PRODUCTION_20260820_R2,434,'16019,Idaho,Bonneville,135771,"Young Electric, Heating & Air",ChIJi3VgSJxeVFMR6fcgmm9umQQ,,58,60,Idaho Falls,"1573 W Sunnyside Rd, Idaho Falls, ID 83402",OPERATIONAL,TEXT_SEARCH_PRO_IDENTITY,
BATCH-R2-0006,AFY_BATCH_PRODUCTION_20260820_R2,603,'18109,Indiana,Morgan,74967,Elliott Electric,ChIJrRtKf1ePbIgRNWzOGnaPqoA,,58,60,Martinsville,"5140 Wilbur Rd, Martinsville, IN 46151",OPERATIONAL,TEXT_SEARCH_PRO_IDENTITY,
BATCH-R2-0007,AFY_BATCH_PRODUCTION_20260820_R2,430,'16011,Idaho,Bingham,51153,Pro Electric Inc,ChIJ-70g4MUaVVMRcX5upx4E4eQ,,58,60,Blackfoot,"487 Emerald Ave, Blackfoot, ID 83221",OPERATIONAL,TEXT_SEARCH_PRO_IDENTITY,
BATCH-R2-0008,AFY_BATCH_PRODUCTION_20260820_R2,587,'18071,Indiana,Jackson,47370,Rob & Theresa Schwartz Contracting,ChIJW7B4-k6-a4gRSdj3E62reNU,,58,60,Seymour,"860 North Dr, Seymour, IN 47274",OPERATIONAL,TEXT_SEARCH_PRO_IDENTITY,
BATCH-R2-0009,AFY_BATCH_PRODUCTION_20260820_R2,556,'18001,Indiana,Adams,36650,L & L Electric Inc,ChIJga8Fp5GHFYgR3iBKbtV8T9k,,58,60,Berne,"306 Baltimore St, Berne, IN 46711",OPERATIONAL,TEXT_SEARCH_PRO_IDENTITY,
BATCH-R2-0010,AFY_BATCH_PRODUCTION_20260820_R2,443,'16039,Idaho,Elmore,29465,Arc Electric,ChIJR45wlDcsrFQRMjg7060Qyw0,,58,60,Mountain Home,"750 S 14th St E, Mountain Home, ID 83647",OPERATIONAL,TEXT_SEARCH_PRO_IDENTITY,
BATCH-R2-0011,AFY_BATCH_PRODUCTION_20260820_R2,460,'16075,Idaho,Payette,27824,Advanced Alarm Technology,ChIJnaqyaMWFr1QRqtN-bk5p0X0,,58,60,Payette,"109 N 19th St, Payette, ID 83661",OPERATIONAL,TEXT_SEARCH_PRO_IDENTITY,
BATCH-R2-0012,AFY_BATCH_PRODUCTION_20260820_R2,572,'18035,Indiana,Delaware,113106,Knee's Electrical Service,ChIJMZDPLq49FYgRc2i1LJY2bmg,,57,57,Muncie,"1300 S Walnut St, Muncie, IN 47302",OPERATIONAL,TEXT_SEARCH_PRO_IDENTITY,
BATCH-R2-0013,AFY_BATCH_PRODUCTION_20260820_R2,595,'18091,Indiana,LaPorte,111294,A-1 Electrical Services,ChIJoWOSFmgKEYgRZfFROqrQDCM,,57,60,Michigan City,"155 N Holmesville Rd, Michigan City, IN 46360",OPERATIONAL,TEXT_SEARCH_PRO_IDENTITY,
BATCH-R2-0014,AFY_BATCH_PRODUCTION_20260820_R2,433,'16017,Idaho,Bonner,54420,Light'em Up Electric,ChIJl-ij3cjWY1MRbfUtrlPyPLs,,57,60,Sandpoint,"PO Box 2323, Sandpoint, ID 83864",OPERATIONAL,TEXT_SEARCH_PRO_IDENTITY,
BATCH-R2-0015,AFY_BATCH_PRODUCTION_20260820_R2,605,'18113,Indiana,Noble,47937,J Walker Electric LLC,ChIJXdDpJstrFogRo84NWV8uqC4,,57,60,Kendallville,"7898 N 450 E, Kendallville, IN 46755",OPERATIONAL,TEXT_SEARCH_PRO_IDENTITY,
BATCH-R2-0016,AFY_BATCH_PRODUCTION_20260820_R2,598,'18099,Indiana,Marshall,46599,Competitive Electric,ChIJ5xws8tFIEYgRuA3NuyKxdT8,,57,60,Walkerton,"529 N Redwood Rd, Walkerton, IN 46574",OPERATIONAL,TEXT_SEARCH_PRO_IDENTITY,
BATCH-R2-0017,AFY_BATCH_PRODUCTION_20260820_R2,457,'16069,Idaho,Nez Perce,42905,Caddells Electric,ChIJMX_Z33tFoFQRnID4zHtL5E0,,57,60,Culdesac,"31625 Winchester Grade, Culdesac, ID 83524",OPERATIONAL,TEXT_SEARCH_PRO_IDENTITY,
BATCH-R2-0018,AFY_BATCH_PRODUCTION_20260820_R2,427,'16005,Idaho,Bannock,91591,Hi Tech Electric,ChIJm-v0MGhPVVMRwc_jmhF3Fa8,,56,60,Pocatello,"330 McKinley Ave, Pocatello, ID 83201",OPERATIONAL,TEXT_SEARCH_PRO_IDENTITY,
BATCH-R2-0019,AFY_BATCH_PRODUCTION_20260820_R2,560,'18011,Indiana,Boone,80689,"ATEC, INC.",ChIJM93t1uFOE4gRAFKh2ekaLnU,,56,60,Lebanon,"235 W Cox Ave, Lebanon, IN 46052",OPERATIONAL,TEXT_SEARCH_PRO_IDENTITY,
BATCH-R2-0020,AFY_BATCH_PRODUCTION_20260820_R2,430,'16011,Idaho,Bingham,51153,Bartco Electric,ChIJ2_uL_p8aVVMRYvy2vrZs5Ts,,56,60,Blackfoot,"440 N Spruce St #2, Blackfoot, ID 83221",OPERATIONAL,TEXT_SEARCH_PRO_IDENTITY,
BATCH-R2-0021,AFY_BATCH_PRODUCTION_20260820_R2,594,'18087,Indiana,LaGrange,41305,Eden Services Co.,ChIJU3SwXVbGimwRubflh2lO7Hg,,56,60,Topeka,"7740 W 400 S, Topeka, IN 46571",OPERATIONAL,TEXT_SEARCH_PRO_IDENTITY,
BATCH-R2-0022,AFY_BATCH_PRODUCTION_20260820_R2,90,'04003,Arizona,Cochise,126332,Y E General Contractors,ChIJW8kaJQ4t14YR1rXDhzarPWg,,55,60,Sierra Vista,"8435 E Madera Dr, Sierra Vista, AZ 85650",OPERATIONAL,TEXT_SEARCH_PRO_IDENTITY,
BATCH-R2-0023,AFY_BATCH_PRODUCTION_20260820_R2,430,'16011,Idaho,Bingham,51153,Williams Creek Construction INC.,ChIJzVxhklkM224RNZC7pHOwClw,,55,60,Blackfoot,"455w W 100 Rd N, Blackfoot, ID 83221",OPERATIONAL,TEXT_SEARCH_PRO_IDENTITY,
BATCH-R2-0024,AFY_BATCH_PRODUCTION_20260820_R2,596,'18093,Indiana,Lawrence,45568,Kern Electrical Services,ChIJFSqConYSbIgRpFcyP9CegTk,,55,60,Bedford,"2299 E US Hwy 50, Bedford, IN 47421",OPERATIONAL,TEXT_SEARCH_PRO_IDENTITY,
BATCH-R2-0025,AFY_BATCH_PRODUCTION_20260820_R2,449,'16051,Idaho,Jefferson,35297,S&S Electric,ChIJ7Rh42ldpVFMRqe3LL0tPANg,,55,60,Rigby,"3812 E 57 N, Rigby, ID 83442",OPERATIONAL,TEXT_SEARCH_PRO_IDENTITY,
BATCH-R2-0026,AFY_BATCH_PRODUCTION_20260820_R2,568,'18027,Indiana,Daviess,34209,A & R Home Center,ChIJN5jLLnffbYgRvl5LMORe09o,,55,60,Washington,"6 Cumberland Dr, Washington, IN 47501",OPERATIONAL,TEXT_SEARCH_PRO_IDENTITY,
BATCH-R2-0027,AFY_BATCH_PRODUCTION_20260820_R2,443,'16039,Idaho,Elmore,29465,Master Electric,ChIJtXVgD5MsrFQR1jQz7MPKv8A,,55,60,Mountain Home,"75 SW Fly by Ave, Mountain Home, ID 83647",OPERATIONAL,TEXT_SEARCH_PRO_IDENTITY,
BATCH-R2-0028,AFY_BATCH_PRODUCTION_20260820_R2,431,'16013,Idaho,Blaine,25517,Andrus Electric Inc.,ChIJ30Ht4q_Vq1QRLsDBkx8HTaE,,55,60,Hailey,"PO Box 755, Hailey, ID 83333",OPERATIONAL,TEXT_SEARCH_PRO_IDENTITY,
BATCH-R2-0029,AFY_BATCH_PRODUCTION_20260820_R2,427,'16005,Idaho,Bannock,91591,Goodhouse Electric,ChIJ7RvtwQgGtkQR0UJVAB6uVJ4,,54,60,McCammon,"8468 S Robin Rd, McCammon, ID 83250",OPERATIONAL,TEXT_SEARCH_PRO_IDENTITY,
BATCH-R2-0030,AFY_BATCH_PRODUCTION_20260820_R2,455,'16065,Idaho,Madison,55172,Wolfe Lighting & Accents: Rexburg,ChIJtd_wB60LVFMR2amFoE87EJg,,53,60,Rexburg,"250 W Main St, Rexburg, ID 83440",OPERATIONAL,TEXT_SEARCH_PRO_IDENTITY,
BATCH-R2-0031,AFY_BATCH_PRODUCTION_20260820_R2,433,'16017,Idaho,Bonner,54420,Green Mountain Electric,ChIJS5PfMt1jYVMRjxPpLepTbCE,,53,60,Hope,"302 School Rd, Hope, ID 83836",OPERATIONAL,TEXT_SEARCH_PRO_IDENTITY,
BATCH-R2-0032,AFY_BATCH_PRODUCTION_20260820_R2,92,'04007,Arizona,Gila,53801,Wildwood Enterprises LLC,ChIJDy4aij0aLIcRDVE0duGyO90,,53,60,Star Valley,"83 Sidewinder Trail, Star Valley, AZ 85541",OPERATIONAL,TEXT_SEARCH_PRO_IDENTITY,
BATCH-R2-0033,AFY_BATCH_PRODUCTION_20260820_R2,569,'18029,Indiana,Dearborn,51609,Get Wired,ChIJs7GOjLfWQYgRnqu6I12KHno,,53,60,Greendale,"4000 Schenley Pl, Greendale, IN 47025",OPERATIONAL,TEXT_SEARCH_PRO_IDENTITY,
BATCH-R2-0034,AFY_BATCH_PRODUCTION_20260820_R2,573,'18037,Indiana,Dubois,44016,Schmitt Electric Inc,ChIJAdz8CnhjbogR0QMJxLM872E,,53,60,Jasper,"3655 IN-56, Jasper, IN 47546",OPERATIONAL,TEXT_SEARCH_PRO_IDENTITY,
BATCH-R2-0035,AFY_BATCH_PRODUCTION_20260820_R2,431,'16013,Idaho,Blaine,25517,Cutthroat Electric & Maintenance,ChIJ30Ht4q_Vq1QR5cl_0JyL4vE,,53,60,Hailey,"Hailey Dr, Hailey, ID 83333",OPERATIONAL,TEXT_SEARCH_PRO_IDENTITY,
BATCH-R2-0036,AFY_BATCH_PRODUCTION_20260820_R2,90,'04003,Arizona,Cochise,126332,"Rite Way Heating, Cooling & Plumbing: Sierra Vista",ChIJMXXKrNou14YRHlFL4-fdVMc,,52,60,Sierra Vista,"131 S Schrader Rd, Sierra Vista, AZ 85635",OPERATIONAL,TEXT_SEARCH_PRO_IDENTITY,
BATCH-R2-0037,AFY_BATCH_PRODUCTION_20260820_R2,96,'04017,Arizona,Navajo,109946,Schumacher Electrical Contracting inc.,ChIJd4K_8g_DLocRgPK5nAqAYfU,,52,60,,"P.o. box 981, Overgaard, AZ 85933",OPERATIONAL,TEXT_SEARCH_PRO_IDENTITY,
BATCH-R2-0038,AFY_BATCH_PRODUCTION_20260820_R2,427,'16005,Idaho,Bannock,91591,Ford's Electric Ltd Co,ChIJfWTBsxJLVVMRJdH6kpX_GSQ,,52,60,Pocatello,"5300 S 5th Ave, Pocatello, ID 83204",OPERATIONAL,TEXT_SEARCH_PRO_IDENTITY,
BATCH-R2-0039,AFY_BATCH_PRODUCTION_20260820_R2,430,'16011,Idaho,Bingham,51153,Snake River Electrical,ChIJi2AyWdMRVVMRCVQ5Ez0bnH0,,52,60,Blackfoot,"565 ID-39, Blackfoot, ID 83221",OPERATIONAL,TEXT_SEARCH_PRO_IDENTITY,
BATCH-R2-0040,AFY_BATCH_PRODUCTION_20260820_R2,570,'18031,Indiana,Decatur,26576,Area Energy & Electric Inc,ChIJNctT6Fb6aogR4boWGH4vrAo,,52,52,Greensburg,"1570 Commerce Park E Dr, Greensburg, IN 47240",OPERATIONAL,TEXT_SEARCH_PRO_IDENTITY,
BATCH-R2-0041,AFY_BATCH_PRODUCTION_20260820_R2,431,'16013,Idaho,Blaine,25517,Advanced Data & Electric,ChIJUcFT58uDqVQRQu-RNeLv8gQ,,52,60,Ketchum,"151 4th St W #4245, Ketchum, ID 83340",OPERATIONAL,TEXT_SEARCH_PRO_IDENTITY,
BATCH-R2-0042,AFY_BATCH_PRODUCTION_20260820_R2,601,'18105,Indiana,Monroe,143345,MULTICRAFT DEC,ChIJk6XV2y5nbIgRnOI5ihJrk9A,,51,60,Bloomington,"820 W 17th St Ste 10, Bloomington, IN 47404",OPERATIONAL,TEXT_SEARCH_PRO_IDENTITY,
BATCH-R2-0043,AFY_BATCH_PRODUCTION_20260820_R2,90,'04003,Arizona,Cochise,126332,"Prestige Remodeling & Restoration, LLC",ChIJBae5nPsp14YR9uNMBO5SGCw,,51,60,Sierra Vista,"106 N 2nd St, Sierra Vista, AZ 85635",OPERATIONAL,TEXT_SEARCH_PRO_IDENTITY,
BATCH-R2-0044,AFY_BATCH_PRODUCTION_20260820_R2,96,'04017,Arizona,Navajo,109946,Northern Arizona Electrical Solutions,ChIJW6FqdvY7L4cR3VDT6-uYUuo,,51,60,Taylor,"118 700 St E, Taylor, AZ 85939",OPERATIONAL,TEXT_SEARCH_PRO_IDENTITY,
BATCH-R2-0045,AFY_BATCH_PRODUCTION_20260820_R2,427,'16005,Idaho,Bannock,91591,RESA Power Pocatello,ChIJw5DqlH9GVVMRauYzynKcLJM,,51,60,Pocatello,"14207 US-30, Pocatello, ID 83202",OPERATIONAL,TEXT_SEARCH_PRO_IDENTITY,
BATCH-R2-0046,AFY_BATCH_PRODUCTION_20260820_R2,90,'04003,Arizona,Cochise,126332,Giant Electric,ChIJ2cKYrsMC14YRSCCEv9bELUU,,50,60,Benson,"103 E 8th St, Benson, AZ 85602",OPERATIONAL,TEXT_SEARCH_PRO_IDENTITY,
BATCH-R2-0047,AFY_BATCH_PRODUCTION_20260820_R2,96,'04017,Arizona,Navajo,109946,Silver Creek Electric Inc,ChIJr-DM8Vo2L4cR0U1tSjZ80zI,,50,60,Show Low,"1954 Creekside Cir, Show Low, AZ 85901",OPERATIONAL,TEXT_SEARCH_PRO_IDENTITY,
BATCH-R2-0048,AFY_BATCH_PRODUCTION_20260820_R2,427,'16005,Idaho,Bannock,91591,Eastern Idaho Electrical Workers,ChIJrW-wsnhMVVMRtFmrUWTjPAM,,50,60,Pocatello,"8450 S 5th Ave, Pocatello, ID 83204",OPERATIONAL,TEXT_SEARCH_PRO_IDENTITY,
BATCH-R2-0049,AFY_BATCH_PRODUCTION_20260820_R2,582,'18059,Indiana,Hancock,90969,Muegge Plumbing & Heating,ChIJ5ddjh7Qxa4gRvKyHDod14a8,,50,60,Greenfield,"1324 W Main St, Greenfield, IN 46140",OPERATIONAL,TEXT_SEARCH_PRO_IDENTITY,
BATCH-R2-0050,AFY_BATCH_PRODUCTION_20260820_R2,451,'16057,Idaho,Latah,41842,K & K Electric,ChIJezyVFHcvoFQRH7nk35OzRMo,,50,60,Moscow,"1006 Cedar Ave, Moscow, ID 83843",OPERATIONAL,TEXT_SEARCH_PRO_IDENTITY,
BATCH-R2-0051,AFY_BATCH_PRODUCTION_20260820_R2,450,'16053,Idaho,Jerome,26362,Caribou Construction Inc,ChIJXVvEqF-crFQRW_lxwnreFTs,,50,60,Jerome,"124 Bridon Way, Jerome, ID 83338",OPERATIONAL,TEXT_SEARCH_PRO_IDENTITY,
BATCH-R2-0052,AFY_BATCH_PRODUCTION_20260820_R2,431,'16013,Idaho,Blaine,25517,Black's Electric,ChIJG9TtAb3Vq1QRTo2QK8D7sBI,,50,60,Hailey,"321 Angela Dr, Hailey, ID 83333",OPERATIONAL,TEXT_SEARCH_PRO_IDENTITY,
BATCH-R2-0053,AFY_BATCH_PRODUCTION_20260820_R2,90,'04003,Arizona,Cochise,126332,Earuss Electric,ChIJB8J3xZ_N0IYRlo9u8gyKBYQ,,49,60,Hereford,"10537 E O'Neil Rd, Hereford, AZ 85615",OPERATIONAL,TEXT_SEARCH_PRO_IDENTITY,
BATCH-R2-0054,AFY_BATCH_PRODUCTION_20260820_R2,464,'16083,Idaho,Twin Falls,97539,Gietzen Electric,ChIJCX2LHESVrFQRAkhPTpaVgUQ,,49,60,Buhl,"125 9th Ave S, Buhl, ID 83316",OPERATIONAL,TEXT_SEARCH_PRO_IDENTITY,
BATCH-R2-0055,AFY_BATCH_PRODUCTION_20260820_R2,556,'18001,Indiana,Adams,36650,CopperSmith Electric LLC,ChIJV0KKzCKHFYgRlWZlTrXrLog,,49,60,Berne,"992 W 700 S, Berne, IN 46711",OPERATIONAL,TEXT_SEARCH_PRO_IDENTITY,
BATCH-R2-0056,AFY_BATCH_PRODUCTION_20260820_R2,450,'16053,Idaho,Jerome,26362,Platt Electric Supply,ChIJmUH_2-CcrFQRbJH5iMOfqcg,,49,60,Jerome,"2735B Tucker Ct, Jerome, ID 83338",OPERATIONAL,TEXT_SEARCH_PRO_IDENTITY,
BATCH-R2-0057,AFY_BATCH_PRODUCTION_20260820_R2,427,'16005,Idaho,Bannock,91591,T & S Electric,ChIJIX1VTD5PVVMRieyeZSNYYoQ,,48,60,Pocatello,"716 N 8th Ave, Pocatello, ID 83201",OPERATIONAL,TEXT_SEARCH_PRO_IDENTITY,
BATCH-R2-0058,AFY_BATCH_PRODUCTION_20260820_R2,433,'16017,Idaho,Bonner,54420,Eagle Electric,ChIJVVVVVQmxY1MR-xTuuPMVkYQ,,48,60,Priest Lake,"172 Lacy Loop, Priest Lake, ID 83856",OPERATIONAL,TEXT_SEARCH_PRO_IDENTITY,
BATCH-R2-0059,AFY_BATCH_PRODUCTION_20260820_R2,573,'18037,Indiana,Dubois,44016,Englert Mechanical LLC,ChIJDaHZ355jbogR5ZFmCBRw5tY,,48,60,Jasper,"1418 Mill St, Jasper, IN 47546",OPERATIONAL,TEXT_SEARCH_PRO_IDENTITY,
BATCH-R2-0060,AFY_BATCH_PRODUCTION_20260820_R2,90,'04003,Arizona,Cochise,126332,Sky High Unlimited LLC,ChIJNTfwqd-10IYRGu1tENDEkAw,,47,60,Bisbee,"107 AZ-92, Bisbee, AZ 85603",OPERATIONAL,TEXT_SEARCH_PRO_IDENTITY,
BATCH-R2-0061,AFY_BATCH_PRODUCTION_20260820_R2,595,'18091,Indiana,LaPorte,111294,Sharp Electrical Services,ChIJIScejtsTEYgR2sVwGoSlD0A,,47,60,La Porte,"1764 E Lincolnway, La Porte, IN 46350",OPERATIONAL,TEXT_SEARCH_PRO_IDENTITY,
BATCH-R2-0062,AFY_BATCH_PRODUCTION_20260820_R2,603,'18109,Indiana,Morgan,74967,LWC Electrical & Communications,ChIJ8WnYsLKRbIgR3CVVPKkaNmE,,47,60,Martinsville,"1210 E Washington St, Martinsville, IN 46151",OPERATIONAL,TEXT_SEARCH_PRO_IDENTITY,
BATCH-R2-0063,AFY_BATCH_PRODUCTION_20260820_R2,580,'18053,Indiana,Grant,66524,Spencer Electrical Services LLC,ChIJ1S-jPKtvFIgRfNjWc2__D6U,,47,60,Converse,"5281 N 800 W 27, Converse, IN 46919",OPERATIONAL,TEXT_SEARCH_PRO_IDENTITY,
BATCH-R2-0064,AFY_BATCH_PRODUCTION_20260820_R2,571,'18033,Indiana,DeKalb,44535,Hot Wire Electric,ChIJe8zcSIOMPYgR88UKL-0bEws,,47,60,Hamilton,"337 Co Rd 71, Hamilton, IN 46742",OPERATIONAL,TEXT_SEARCH_PRO_IDENTITY,
BATCH-R2-0065,AFY_BATCH_PRODUCTION_20260820_R2,581,'18055,Indiana,Greene,31165,M & H Electric Inc,ChIJO3PqC79ObIgRYEngdaNzBaw,,47,60,Bloomfield,"6683 IN-54, Bloomfield, IN 47424",OPERATIONAL,TEXT_SEARCH_PRO_IDENTITY,
BATCH-R2-0066,AFY_BATCH_PRODUCTION_20260820_R2,595,'18091,Indiana,LaPorte,111294,Mc Cormick Electrical Services Inc,ChIJ6fB04UMSEYgRXGF1iDqEL8g,,46,60,La Porte,"La Porte, IN 46350",OPERATIONAL,TEXT_SEARCH_PRO_IDENTITY,
BATCH-R2-0067,AFY_BATCH_PRODUCTION_20260820_R2,92,'04007,Arizona,Gila,53801,Kinzer Electrical Contracting Llc,ChIJ6xTMsOQQLIcR4ztWz1280AU,,46,60,Payson,"Payson, AZ 85541",OPERATIONAL,TEXT_SEARCH_PRO_IDENTITY,
BATCH-R2-0068,AFY_BATCH_PRODUCTION_20260820_R2,571,'18033,Indiana,DeKalb,44535,Seiler Electric,ChIJG6cBa34CFogRoIVKiJcxqCo,,46,60,Spencerville,"6721 Co Rd 51, Spencerville, IN 46788",OPERATIONAL,TEXT_SEARCH_PRO_IDENTITY,
BATCH-R2-0069,AFY_BATCH_PRODUCTION_20260820_R2,457,'16069,Idaho,Nez Perce,42905,Quality Electric Services,ChIJe165YKtKoFQRzp2NZzCP7xI,,46,60,Lewiston,"Lewiston, ID 83501",OPERATIONAL,TEXT_SEARCH_PRO_IDENTITY,
BATCH-R2-0070,AFY_BATCH_PRODUCTION_20260820_R2,431,'16013,Idaho,Blaine,25517,Pink's Electric,ChIJExEo-HqCqVQRqz7NsaIyTM8,,46,60,Ketchum,"12588 ID-75, Ketchum, ID 83340",OPERATIONAL,TEXT_SEARCH_PRO_IDENTITY,
BATCH-R2-0071,AFY_BATCH_PRODUCTION_20260820_R2,91,'04005,Arizona,Coconino,144368,AEC Electric,ChIJf-A2O9mOLYcRsEjwwcPO3xc,,45,60,Flagstaff,"2329 E Spruce Ave, Flagstaff, AZ 86004",OPERATIONAL,TEXT_SEARCH_PRO_IDENTITY,
BATCH-R2-0072,AFY_BATCH_PRODUCTION_20260820_R2,434,'16019,Idaho,Bonneville,135771,R & R Electric Inc,ChIJN9RRF0FfVFMRcTA5-KT1Krw,,45,60,Ammon,"4588 S Streeter Ave, Ammon, ID 83406",OPERATIONAL,TEXT_SEARCH_PRO_IDENTITY,
BATCH-R2-0073,AFY_BATCH_PRODUCTION_20260820_R2,90,'04003,Arizona,Cochise,126332,Hoffman Electric,ChIJDQUxV90C14YR-5M8LEDDyHc,,45,60,Benson,"Benson, AZ 85602",OPERATIONAL,TEXT_SEARCH_PRO_IDENTITY,
BATCH-R2-0074,AFY_BATCH_PRODUCTION_20260820_R2,595,'18091,Indiana,LaPorte,111294,Ampd up electrical llc,ChIJq5IdWABzEYgRfLdCq9lVTEU,,45,60,La Porte,"4633 US-6, La Porte, IN 46350",OPERATIONAL,TEXT_SEARCH_PRO_IDENTITY,
BATCH-R2-0075,AFY_BATCH_PRODUCTION_20260820_R2,464,'16083,Idaho,Twin Falls,97539,Wonenberg Electric,ChIJzQcX3eu9rFQRqXnm5ZtPkNw,,45,60,Filer,"3841 N 2150 E, Filer, ID 83328",OPERATIONAL,TEXT_SEARCH_PRO_IDENTITY,
BATCH-R2-0076,AFY_BATCH_PRODUCTION_20260820_R2,433,'16017,Idaho,Bonner,54420,Ron's Electric Inc,ChIJSwPy2p7XY1MRRzbmNScvaII,,45,60,Sandpoint,"1418 Lk St W, Sandpoint, ID 83864",OPERATIONAL,TEXT_SEARCH_PRO_IDENTITY,
BATCH-R2-0077,AFY_BATCH_PRODUCTION_20260820_R2,596,'18093,Indiana,Lawrence,45568,Chad Faust Electric,ChIJpV2yulIRbIgRWpfrYdfGL94,,45,60,Bedford,"2110 33rd St, Bedford, IN 47421",OPERATIONAL,TEXT_SEARCH_PRO_IDENTITY,
BATCH-R2-0078,AFY_BATCH_PRODUCTION_20260820_R2,457,'16069,Idaho,Nez Perce,42905,I Got Your Back: Hauling Moving Handyman Services,ChIJFa42QQ7LoVQR5vDJdbUShwk,,45,60,Lewiston,"718 9th Ave, Lewiston, ID 83501",OPERATIONAL,TEXT_SEARCH_PRO_IDENTITY,
BATCH-R2-0079,AFY_BATCH_PRODUCTION_20260820_R2,583,'18061,Indiana,Harrison,40437,Southern Indiana Electrical & HVAC,ChIJKQ_rpjQ3aYgRPnITyroAYnk,,45,60,Corydon,"2070 IN-337, Corydon, IN 47112",OPERATIONAL,TEXT_SEARCH_PRO_IDENTITY,
BATCH-R2-0080,AFY_BATCH_PRODUCTION_20260820_R2,592,'18083,Indiana,Knox,35652,Niehaus Electric Services,ChIJX2CkPhb_bYgRXmXj1XrIZ4M,,45,60,Vincennes,"1828 N 2nd St, Vincennes, IN 47591",OPERATIONAL,TEXT_SEARCH_PRO_IDENTITY,
BATCH-R2-0081,AFY_BATCH_PRODUCTION_20260820_R2,460,'16075,Idaho,Payette,27824,H S Electric,ChIJYx4IoYmXr1QRCHphxwY17ho,,45,60,New Plymouth,"4830 SE 4th Ave, New Plymouth, ID 83655",OPERATIONAL,TEXT_SEARCH_PRO_IDENTITY,
BATCH-R2-0082,AFY_BATCH_PRODUCTION_20260820_R2,591,'18079,Indiana,Jennings,27622,425 West Electric,ChIJAybJzSi3a4gRi6DiNtRK9YM,,45,57,North Vernon,"2845 S County Rd 425 W, North Vernon, IN 47265",OPERATIONAL,TEXT_SEARCH_PRO_IDENTITY,
BATCH-R2-0083,AFY_BATCH_PRODUCTION_20260820_R2,570,'18031,Indiana,Decatur,26576,FTC Services LLC,ChIJqeQ3NAT1aogRXG86DsGcpGI,,45,52,Greensburg,"2040 S Co Rd 800 E, Greensburg, IN 47240",OPERATIONAL,TEXT_SEARCH_PRO_IDENTITY,
BATCH-R2-0084,AFY_BATCH_PRODUCTION_20260820_R2,91,'04005,Arizona,Coconino,144368,Quality Assured Electrical Contracting,ChIJnUemIIqFLYcRUKPe4Of05DI,,44,60,Flagstaff,"1016 W University Ave Ste 200, Flagstaff, AZ 86001",OPERATIONAL,TEXT_SEARCH_PRO_IDENTITY,
BATCH-R2-0085,AFY_BATCH_PRODUCTION_20260820_R2,575,'18043,Indiana,Floyd,82153,Blake & Co. Electric Services,ChIJl44BzhhDaYgRR3FL3BEv_gI,,44,60,New Albany,"1603 Beechwood Ave, New Albany, IN 47150",OPERATIONAL,TEXT_SEARCH_PRO_IDENTITY,
BATCH-R2-0086,AFY_BATCH_PRODUCTION_20260820_R2,455,'16065,Idaho,Madison,55172,Horizon AMP'd,ChIJNcAZ-KoLVFMRhFhYKE63xzI,,44,60,Rexburg,"859 S Yellowstone Hwy Ste 305, Rexburg, ID 83440",OPERATIONAL,TEXT_SEARCH_PRO_IDENTITY,
BATCH-R2-0087,AFY_BATCH_PRODUCTION_20260820_R2,590,'18077,Indiana,Jefferson,33279,"Phillips Electric, L.L.C.",ChIJHV9Rqn0fd0ARDRs0lregOYg,,44,60,Madison,"1780 E Key 2 Cir, Madison, IN 47250",OPERATIONAL,TEXT_SEARCH_PRO_IDENTITY,
BATCH-R2-0088,AFY_BATCH_PRODUCTION_20260820_R2,570,'18031,Indiana,Decatur,26576,"Wallpe Heating And Cooling, Inc.",ChIJEw4kY4rzaogRRcjxsl4OFSE,,44,52,Greensburg,"8422 IN-46, Greensburg, IN 47240",OPERATIONAL,TEXT_SEARCH_PRO_IDENTITY,
BATCH-R2-0089,AFY_BATCH_PRODUCTION_20260820_R2,431,'16013,Idaho,Blaine,25517,Platt Electric Supply,ChIJUcG2tWLUq1QR64EHpXm-6WU,,44,60,Hailey,"3990 Woodside Blvd, Hailey, ID 83333",OPERATIONAL,TEXT_SEARCH_PRO_IDENTITY,
BATCH-R2-0090,AFY_BATCH_PRODUCTION_20260820_R2,91,'04005,Arizona,Coconino,144368,Sunrise Electrical Contractor Inc,ChIJ6f0vTmq9LYcRoCZ1FKrDujI,,43,60,Munds Park,"17275 Pine Trail Dr, Munds Park, AZ 86017",OPERATIONAL,TEXT_SEARCH_PRO_IDENTITY,
BATCH-R2-0091,AFY_BATCH_PRODUCTION_20260820_R2,572,'18035,Indiana,Delaware,113106,Barnett Electrical Services,ChIJ-3c79809FYgRhjDB-8bwdZQ,,43,57,Muncie,"3201 W Petty Rd, Muncie, IN 47304",OPERATIONAL,TEXT_SEARCH_PRO_IDENTITY,
BATCH-R2-0092,AFY_BATCH_PRODUCTION_20260820_R2,464,'16083,Idaho,Twin Falls,97539,DnB Electric,ChIJ1V-bxLCjrFQRB0nktjnABv4,,43,60,Twin Falls,"Twin Falls, ID 83301",OPERATIONAL,TEXT_SEARCH_PRO_IDENTITY,
BATCH-R2-0093,AFY_BATCH_PRODUCTION_20260820_R2,89,'04001,Arizona,Apache,64445,Nottingham Electrical Services LLC,ChIJSWWjmjMRJocRKkVXyAgVlIY,,43,60,Eagar,"71 S Butler St, Eagar, AZ 85925",OPERATIONAL,TEXT_SEARCH_PRO_IDENTITY,
BATCH-R2-0094,AFY_BATCH_PRODUCTION_20260820_R2,92,'04007,Arizona,Gila,53801,Brahm's Electrical Contracting,ChIJjUZjAMLrKYcRH82sx_REpFY,,43,60,Payson,"203 E Hashknife, Arena Dr, Payson, AZ 85541",OPERATIONAL,TEXT_SEARCH_PRO_IDENTITY,
BATCH-R2-0095,AFY_BATCH_PRODUCTION_20260820_R2,598,'18099,Indiana,Marshall,46599,Maddox Services,ChIJnawcWAlYEYgRU7vLQEJ1S7U,,43,60,Culver,"16983 Thorn Rd, Culver, IN 46511",OPERATIONAL,TEXT_SEARCH_PRO_IDENTITY,
BATCH-R2-0096,AFY_BATCH_PRODUCTION_20260820_R2,600,'18103,Indiana,Miami,34487,All Aspects Electric LLC,ChIJS-dYVE5lFIgRkn9ggrxHF9E,,43,60,Peru,"4186 W 550 N, Peru, IN 46970",OPERATIONAL,TEXT_SEARCH_PRO_IDENTITY,
BATCH-R2-0097,AFY_BATCH_PRODUCTION_20260820_R2,590,'18077,Indiana,Jefferson,33279,Pennington Electric,ChIJAX7tX3hAaogRxUW9Fcx4VZE,,43,60,Madison,"4458 E 1075 N, Madison, IN 47250",OPERATIONAL,TEXT_SEARCH_PRO_IDENTITY,
BATCH-R2-0098,AFY_BATCH_PRODUCTION_20260820_R2,591,'18079,Indiana,Jennings,27622,ETC Systems INC.,ChIJq6o6C1yza4gRCnMHOWMzAXQ,,43,57,North Vernon,"865 S State St, North Vernon, IN 47265",OPERATIONAL,TEXT_SEARCH_PRO_IDENTITY,
BATCH-R2-0099,AFY_BATCH_PRODUCTION_20260820_R2,601,'18105,Indiana,Monroe,143345,Don English Electric,ChIJo_AoUKNdbIgRfqG1arb8ssM,,42,60,Bloomington,"633 S Bosell Ct, Bloomington, IN 47403",OPERATIONAL,TEXT_SEARCH_PRO_IDENTITY,
BATCH-R2-0100,AFY_BATCH_PRODUCTION_20260820_R2,572,'18035,Indiana,Delaware,113106,Peterman Brothers Heating Cooling Plumbing,ChIJVUTHAlk9FYgRUuD9LrXOTlc,,42,57,Muncie,"408 W Air Park Dr, Muncie, IN 47303",OPERATIONAL,TEXT_SEARCH_PRO_IDENTITY,
BATCH-R2-0101,AFY_BATCH_PRODUCTION_20260820_R2,573,'18037,Indiana,Dubois,44016,Vaal Contracting LLC,ChIJVXZam4GJbogRMzEFJQl6Jsg,,42,60,Jasper,"784 N 425 E, Jasper, IN 47546",OPERATIONAL,TEXT_SEARCH_PRO_IDENTITY,
BATCH-R2-0102,AFY_BATCH_PRODUCTION_20260820_R2,600,'18103,Indiana,Miami,34487,J & J Electric of Indiana Inc.,ChIJXfumU3F9FIgRl7kMaT6XBy0,,42,60,Kokomo,"3180 West IN-18, Kokomo, IN 46901",OPERATIONAL,TEXT_SEARCH_PRO_IDENTITY,
BATCH-R2-0103,AFY_BATCH_PRODUCTION_20260820_R2,570,'18031,Indiana,Decatur,26576,Koors Heating and Cooling,ChIJ1X9Nii0Ca4gRvuAUAJgGNS4,,42,52,Greensburg,"701 W 2nd St, Greensburg, IN 47240",OPERATIONAL,TEXT_SEARCH_PRO_IDENTITY,
BATCH-R2-0104,AFY_BATCH_PRODUCTION_20260820_R2,91,'04005,Arizona,Coconino,144368,"Miracles Electrical Contractors, Inc.",ChIJMSCq2DiPLYcRV8Nz4wCAJks,,41,60,Flagstaff,"8800 Arroyo Trail, Flagstaff, AZ 86004",OPERATIONAL,TEXT_SEARCH_PRO_IDENTITY,
BATCH-R2-0105,AFY_BATCH_PRODUCTION_20260820_R2,434,'16019,Idaho,Bonneville,135771,Armstrong Electric Inc,ChIJUXWt6J5eVFMR2VUk3LQ_Ulc,,41,60,Idaho Falls,"1175 Hollipark Dr, Idaho Falls, ID 83401",OPERATIONAL,TEXT_SEARCH_PRO_IDENTITY,
BATCH-R2-0106,AFY_BATCH_PRODUCTION_20260820_R2,572,'18035,Indiana,Delaware,113106,Abrams Electric Inc,ChIJEddJ6y4UFYgRMpcn1bDXP_A,,41,57,Muncie,"3312 E Royerton Rd, Muncie, IN 47303",OPERATIONAL,TEXT_SEARCH_PRO_IDENTITY,
BATCH-R2-0107,AFY_BATCH_PRODUCTION_20260820_R2,593,'18085,Indiana,Kosciusko,80892,Northern Lakes Electric,ChIJ_cwCYdknFIgRu2FwWIPM1XE,,41,60,Warsaw,"3563 E 400 S, Warsaw, IN 46580",OPERATIONAL,TEXT_SEARCH_PRO_IDENTITY,
BATCH-R2-0108,AFY_BATCH_PRODUCTION_20260820_R2,455,'16065,Idaho,Madison,55172,D Paul Weeks Electrical,ChIJ-xqSDJ8JVFMRu9k5drdVt40,,41,60,Rexburg,"2977 N 2000 W, Rexburg, ID 83440",OPERATIONAL,TEXT_SEARCH_PRO_IDENTITY,
BATCH-R2-0109,AFY_BATCH_PRODUCTION_20260820_R2,573,'18037,Indiana,Dubois,44016,Power house Electric,ChIJ9QbxMmyJbogR7JiaisqgI3U,,41,60,Jasper,"431 E 190 N, Jasper, IN 47546",OPERATIONAL,TEXT_SEARCH_PRO_IDENTITY,
BATCH-R2-0110,AFY_BATCH_PRODUCTION_20260820_R2,449,'16051,Idaho,Jefferson,35297,Lon Ricks Electric,ChIJs3lYvKRuVFMRpnFLwq2sIJI,,41,60,Rigby,"413 Church St, Rigby, ID 83442",OPERATIONAL,TEXT_SEARCH_PRO_IDENTITY,
BATCH-R2-0111,AFY_BATCH_PRODUCTION_20260820_R2,588,'18073,Indiana,Jasper,33894,Z-Tech Electrical Services Inc,ChIJOXMCftghEogRdW-q4FZe_hw,,41,60,De Motte,"9206 Redwood Ct, De Motte, IN 46310",OPERATIONAL,TEXT_SEARCH_PRO_IDENTITY,
BATCH-R2-0112,AFY_BATCH_PRODUCTION_20260820_R2,557,'18005,Indiana,Bartholomew,85729,Peterman Brothers Heating Cooling Plumbing,ChIJJWNXSC2ga4gRWFeFDap0yuc,,40,46,Columbus,"4470 Middle Rd, Columbus, IN 47203",OPERATIONAL,TEXT_SEARCH_PRO_IDENTITY,
BATCH-R2-0113,AFY_BATCH_PRODUCTION_20260820_R2,580,'18053,Indiana,Grant,66524,Dick Garriott Electric Co Inc,ChIJZfZB_4tVFIgRD0P6jJkPv_U,,40,60,Marion,"Marion, IN 46952",OPERATIONAL,TEXT_SEARCH_PRO_IDENTITY,
BATCH-R2-0114,AFY_BATCH_PRODUCTION_20260820_R2,89,'04001,Arizona,Apache,64445,Stars & Stripes Electrical,ChIJTxRQeFoRJocRO8AiP98Fm3Y,,40,60,Eagar,"Eagar, AZ 85925",OPERATIONAL,TEXT_SEARCH_PRO_IDENTITY,
BATCH-R2-0115,AFY_BATCH_PRODUCTION_20260820_R2,455,'16065,Idaho,Madison,55172,Platt Electric Supply,ChIJqXadMbgLVFMR4-wjjSFAmns,,40,60,Rexburg,"191 Airport Rd, Rexburg, ID 83440",OPERATIONAL,TEXT_SEARCH_PRO_IDENTITY,
BATCH-R2-0116,AFY_BATCH_PRODUCTION_20260820_R2,430,'16011,Idaho,Bingham,51153,Matthew’s Electrical Company,ChIJdaeHTVMbVVMRMdXDpnNPHkU,,40,60,Blackfoot,"1533 NW Main St, Blackfoot, ID 83221",OPERATIONAL,TEXT_SEARCH_PRO_IDENTITY,
BATCH-R2-0117,AFY_BATCH_PRODUCTION_20260820_R2,592,'18083,Indiana,Knox,35652,Sinclair Electric LLC,ChIJibopd4lZrQcRlQv43P8iYVI,,40,60,Edwardsport,"11236 N Jones Gap Rd, Edwardsport, IN 47528",OPERATIONAL,TEXT_SEARCH_PRO_IDENTITY,
BATCH-R2-0118,AFY_BATCH_PRODUCTION_20260820_R2,597,'18095,Indiana,Madison,135088,"Electrical Solutions Service, Llc",ChIJ__-vtX7QFIgRqExBk-VBfW8,,39,60,Anderson,"5111 Park Rd, Anderson, IN 46011",OPERATIONAL,TEXT_SEARCH_PRO_IDENTITY,
BATCH-R2-0119,AFY_BATCH_PRODUCTION_20260820_R2,557,'18005,Indiana,Bartholomew,85729,Growe Electric,ChIJU9EKNd6ga4gR2-L3CMTFA8o,,39,46,Columbus,"4850 E 50 N #1, Columbus, IN 47203",OPERATIONAL,TEXT_SEARCH_PRO_IDENTITY,
BATCH-R2-0120,AFY_BATCH_PRODUCTION_20260820_R2,593,'18085,Indiana,Kosciusko,80892,Best Current Electric,ChIJna2pZ8YbCoIRKH48Y2cYAvI,,39,60,Warsaw,"929 Sheridan St, Warsaw, IN 46580",OPERATIONAL,TEXT_SEARCH_PRO_IDENTITY,
BATCH-R2-0121,AFY_BATCH_PRODUCTION_20260820_R2,602,'18107,Indiana,Montgomery,38954,Vaught Electric Inc,ChIJZ-F2O2bWEogRA9kS1YaYzC4,,39,39,Crawfordsville,"93 N Sugar Cliff Dr, Crawfordsville, IN 47933",OPERATIONAL,TEXT_SEARCH_PRO_IDENTITY,
BATCH-R2-0122,AFY_BATCH_PRODUCTION_20260820_R2,588,'18073,Indiana,Jasper,33894,"Demerly Electric, L.L.C.",ChIJzb3QS_xEEogR485mmHLvVX4,,39,60,Remington,"3092 W 1500 S, Remington, IN 47977",OPERATIONAL,TEXT_SEARCH_PRO_IDENTITY,
BATCH-R2-0123,AFY_BATCH_PRODUCTION_20260820_R2,427,'16005,Idaho,Bannock,91591,Hunot Retardant Co,ChIJL4JzCT5PVVMRr_UfpCcma-0,,38,60,Pocatello,"Pocatello, ID 83201",OPERATIONAL,TEXT_SEARCH_PRO_IDENTITY,
BATCH-R2-0124,AFY_BATCH_PRODUCTION_20260820_R2,569,'18029,Indiana,Dearborn,51609,McClure Electric,ChIJVVUBYCbUQYgRme01tqvKNa4,,38,60,Lawrenceburg,"118 Ariel Ln, Lawrenceburg, IN 47025",OPERATIONAL,TEXT_SEARCH_PRO_IDENTITY,
BATCH-R2-0125,AFY_BATCH_PRODUCTION_20260820_R2,602,'18107,Indiana,Montgomery,38954,Demoret Electric Inc,ChIJCf_aAx4pE4gRb23YCH8kmGA,,38,39,Crawfordsville,"2401 E Overcoat Rd, Crawfordsville, IN 47933",OPERATIONAL,TEXT_SEARCH_PRO_IDENTITY,
BATCH-R2-0126,AFY_BATCH_PRODUCTION_20260820_R2,460,'16075,Idaho,Payette,27824,"Benchmark Electric, LLC",ChIJZwIlQpyZr1QRe0Zg-HG65wU,,38,60,New Plymouth,"5225 ID-72, New Plymouth, ID 83655",OPERATIONAL,TEXT_SEARCH_PRO_IDENTITY,
BATCH-R2-0127,AFY_BATCH_PRODUCTION_20260820_R2,434,'16019,Idaho,Bonneville,135771,Sermon Service & Electric,ChIJA6da7yBcVFMRU066jx-Z7K0,,37,60,Idaho Falls,"340 May St, Idaho Falls, ID 83401",OPERATIONAL,TEXT_SEARCH_PRO_IDENTITY,
BATCH-R2-0128,AFY_BATCH_PRODUCTION_20260820_R2,595,'18091,Indiana,LaPorte,111294,National Electrical Contractors Association (NECA) Northern Indiana,ChIJv54vzXEIEYgRSneUx9In_Qs,,37,60,Michigan City,"105 S Woodland Ct, Michigan City, IN 46360",OPERATIONAL,TEXT_SEARCH_PRO_IDENTITY,
BATCH-R2-0129,AFY_BATCH_PRODUCTION_20260820_R2,557,'18005,Indiana,Bartholomew,85729,Daniel-Hayden Electric Co Inc,ChIJeYdsm7qha4gRYnjyYbjbBP0,,37,46,Columbus,"3475 State St, Columbus, IN 47201",OPERATIONAL,TEXT_SEARCH_PRO_IDENTITY,
BATCH-R2-0130,AFY_BATCH_PRODUCTION_20260820_R2,451,'16057,Idaho,Latah,41842,Integrity Electric and Construction,ChIJC_4Udw61oVQRReZmUdFfjZI,,37,60,Princeton,"1044 Lodge Ln, Princeton, ID 83857",OPERATIONAL,TEXT_SEARCH_PRO_IDENTITY,
BATCH-R2-0131,AFY_BATCH_PRODUCTION_20260820_R2,91,'04005,Arizona,Coconino,144368,Leffel Electric,ChIJD98vKGBkMocRZwRUjbStKdA,,36,60,Flagstaff,"8210 Aspen Gln Ln, Flagstaff, AZ 86004",OPERATIONAL,TEXT_SEARCH_PRO_IDENTITY,
BATCH-R2-0132,AFY_BATCH_PRODUCTION_20260820_R2,601,'18105,Indiana,Monroe,143345,B & H Electric & Supply,ChIJBb-KoOZdbIgRYaLsbJJNuBU,,36,60,Bloomington,"4719 W Vernal Pike, Bloomington, IN 47404",OPERATIONAL,TEXT_SEARCH_PRO_IDENTITY,
BATCH-R2-0133,AFY_BATCH_PRODUCTION_20260820_R2,90,'04003,Arizona,Cochise,126332,Yaqui Electric,ChIJTzkbHHfY1oYRAMtCk9u6cCY,,36,60,Huachuca City,"209 S Huachuca Blvd a, Huachuca City, AZ 85616",OPERATIONAL,TEXT_SEARCH_PRO_IDENTITY,
BATCH-R2-0134,AFY_BATCH_PRODUCTION_20260820_R2,569,'18029,Indiana,Dearborn,51609,Performance Electric,ChIJwZUplWArQIgRtSOSmWcYKio,,36,60,Lawrenceburg,"24248 Professional Park Dr, Lawrenceburg, IN 47025",OPERATIONAL,TEXT_SEARCH_PRO_IDENTITY,
BATCH-R2-0135,AFY_BATCH_PRODUCTION_20260820_R2,457,'16069,Idaho,Nez Perce,42905,Taylor Electric Co,ChIJMT1iTDxLoFQRci6ZSmxOqP0,,36,60,Lewiston,"1734 Ripon Ave, Lewiston, ID 83501",OPERATIONAL,TEXT_SEARCH_PRO_IDENTITY,
BATCH-R2-0136,AFY_BATCH_PRODUCTION_20260820_R2,93,'04009,Arizona,Graham,40157,Amp'd Elecrical,ChIJR8Absan814YRLcQpBv8inO8,,36,39,Thatcher,"1736 S 1st Ave, Thatcher, AZ 85552",OPERATIONAL,TEXT_SEARCH_PRO_IDENTITY,
BATCH-R2-0137,AFY_BATCH_PRODUCTION_20260820_R2,592,'18083,Indiana,Knox,35652,Knox Electrical and Flooring,ChIJk9pgmf7lbYgR6FlLFISf8WI,,36,60,Bicknell,"608 Indiana St, Bicknell, IN 47512",OPERATIONAL,TEXT_SEARCH_PRO_IDENTITY,
BATCH-R2-0138,AFY_BATCH_PRODUCTION_20260820_R2,439,'16031,Idaho,Cassia,26397,Briggs Electric,ChIJN08yMOY1q1QRmMPOgA3nkpo,,36,53,Burley,"301 W Main St, Burley, ID 83318",OPERATIONAL,TEXT_SEARCH_PRO_IDENTITY,
BATCH-R2-0139,AFY_BATCH_PRODUCTION_20260820_R2,564,'18019,Indiana,Clark,130451,J SPEAR ELECTRIC,ChIJrVPchcBxaYgRcADDTrtZHHo,,35,60,Clarksville,"5917 US-31, Clarksville, IN 47129",OPERATIONAL,TEXT_SEARCH_PRO_IDENTITY,
BATCH-R2-0140,AFY_BATCH_PRODUCTION_20260820_R2,90,'04003,Arizona,Cochise,126332,Systems Integration Llc,ChIJrRKtzhH91oYRGQ7m51TFjBQ,,35,60,Benson,"175 W Vidal Trail, Benson, AZ 85602",OPERATIONAL,TEXT_SEARCH_PRO_IDENTITY,
BATCH-R2-0141,AFY_BATCH_PRODUCTION_20260820_R2,96,'04017,Arizona,Navajo,109946,Complete Electrical Services & Supplies,ChIJ09B1WJg0L4cRy80hNNyvEn0,,35,60,Show Low,"751 N 6th St #4, Show Low, AZ 85901",OPERATIONAL,TEXT_SEARCH_PRO_IDENTITY,
BATCH-R2-0142,AFY_BATCH_PRODUCTION_20260820_R2,464,'16083,Idaho,Twin Falls,97539,System Tech,ChIJrcxLRaejrFQR-ydwCYvZZEE,,35,60,Twin Falls,"Twin Falls, ID 83301",OPERATIONAL,TEXT_SEARCH_PRO_IDENTITY,
BATCH-R2-0143,AFY_BATCH_PRODUCTION_20260820_R2,593,'18085,Indiana,Kosciusko,80892,Handyman OPEN 24/7,ChIJrfCK_3MDSYkRRFXxomrK-kc,,35,60,Warsaw,"1908 Ironwood Dr, Warsaw, IN 46580",OPERATIONAL,TEXT_SEARCH_PRO_IDENTITY,
BATCH-R2-0144,AFY_BATCH_PRODUCTION_20260820_R2,580,'18053,Indiana,Grant,66524,Hotwire Building Services LLC,ChIJD3eiWo3_FIgR34WgTD2X4os,,35,60,Marion,"3 Bertha Ct, Marion, IN 46953",OPERATIONAL,TEXT_SEARCH_PRO_IDENTITY,
BATCH-R2-0145,AFY_BATCH_PRODUCTION_20260820_R2,455,'16065,Idaho,Madison,55172,"PaulJ.Winger Electric, Inc",ChIJS_0Z8PsNVFMRUPDc7gJIrGo,,35,60,Rexburg,"4120 W Homestead Dr, Rexburg, ID 83440",OPERATIONAL,TEXT_SEARCH_PRO_IDENTITY,
BATCH-R2-0146,AFY_BATCH_PRODUCTION_20260820_R2,569,'18029,Indiana,Dearborn,51609,R J Lewis Co Inc,ChIJGS-zfHt_aogReVN1oXid4_g,,35,60,Guilford,"20035 Lewis Ln, Guilford, IN 47022",OPERATIONAL,TEXT_SEARCH_PRO_IDENTITY,
BATCH-R2-0147,AFY_BATCH_PRODUCTION_20260820_R2,605,'18113,Indiana,Noble,47937,"Leatherman Electric, LLC.",ChIJ3cnUPDzHkCARQfOdbi8Gcv4,,35,60,Ligonier,"1510 W Union St, Ligonier, IN 46767",OPERATIONAL,TEXT_SEARCH_PRO_IDENTITY,
BATCH-R2-0148,AFY_BATCH_PRODUCTION_20260820_R2,602,'18107,Indiana,Montgomery,38954,Justus Electric,ChIJZ8nZ3VTWEogRP3LjCEc2rH8,,35,39,Crawfordsville,"1685 Old State Rd 55 N #8104, Crawfordsville, IN 47933",OPERATIONAL,TEXT_SEARCH_PRO_IDENTITY,
BATCH-R2-0149,AFY_BATCH_PRODUCTION_20260820_R2,588,'18073,Indiana,Jasper,33894,D & K Electric,ChIJY8mqNVlEEogR5-bqOwd3iSw,,35,60,Remington,"14289 County Rd 380, Remington, IN 47977",OPERATIONAL,TEXT_SEARCH_PRO_IDENTITY,
BATCH-R2-0150,AFY_BATCH_PRODUCTION_20260820_R2,601,'18105,Indiana,Monroe,143345,Service Resource,ChIJB6yH4R5jbIgRLvk6coNkTRs,,34,60,Bloomington,"7170 E State Rd 45, Bloomington, IN 47408",OPERATIONAL,TEXT_SEARCH_PRO_IDENTITY,
BATCH-R2-0151,AFY_BATCH_PRODUCTION_20260820_R2,434,'16019,Idaho,Bonneville,135771,Ronn Allen Electric Inc.,ChIJC6GQaT5ZVFMRCACEQuMrrJ4,,34,60,Idaho Falls,"505 W 20th St, Idaho Falls, ID 83402",OPERATIONAL,TEXT_SEARCH_PRO_IDENTITY,
BATCH-R2-0152,AFY_BATCH_PRODUCTION_20260820_R2,433,'16017,Idaho,Bonner,54420,Justified Electric,ChIJE2ME9Y2dfoARue7-GmAme_M,,34,60,Spirit Lake,"Dylan Rd, Spirit Lake, ID 83869",OPERATIONAL,TEXT_SEARCH_PRO_IDENTITY,
BATCH-R2-0153,AFY_BATCH_PRODUCTION_20260820_R2,592,'18083,Indiana,Knox,35652,Evans Electric,ChIJ19UcZRH-bYgRT0Q-4t8JHxM,,34,60,Vincennes,"1508 E Scott St, Vincennes, IN 47591",OPERATIONAL,TEXT_SEARCH_PRO_IDENTITY,
BATCH-R2-0154,AFY_BATCH_PRODUCTION_20260820_R2,566,'18023,Indiana,Clinton,33322,Rds Electrical,ChIJ26-o-UdeE4gRrqnOck_dywc,,34,60,Kirklin,"10510 E Co Rd 400 S, Kirklin, IN 46050",OPERATIONAL,TEXT_SEARCH_PRO_IDENTITY,
BATCH-R2-0155,AFY_BATCH_PRODUCTION_20260820_R2,577,'18047,Indiana,Franklin,23286,Reliable Electric,ChIJTyD1HDOdaogRfAoP67VepzY,,34,34,Brookville,"5126 Richland Creek Rd, Brookville, IN 47012",OPERATIONAL,TEXT_SEARCH_PRO_IDENTITY,
BATCH-R2-0156,AFY_BATCH_PRODUCTION_20260820_R2,427,'16005,Idaho,Bannock,91591,American Electric Inc,ChIJlSQyOYVFVVMRRNkEJId3I9s,,33,60,Pocatello,"3510 US-30, Pocatello, ID 83201",OPERATIONAL,TEXT_SEARCH_PRO_IDENTITY,
BATCH-R2-0157,AFY_BATCH_PRODUCTION_20260820_R2,582,'18059,Indiana,Hancock,90969,Copeland Electric,ChIJE6vwcOsxa4gRHK3G0-pSq2Q,,33,60,Greenfield,"1461 N Franklin St, Greenfield, IN 46140",OPERATIONAL,TEXT_SEARCH_PRO_IDENTITY,
BATCH-R2-0158,AFY_BATCH_PRODUCTION_20260820_R2,593,'18085,Indiana,Kosciusko,80892,Franks Electric,ChIJhzfouPCfFogRzCCIKjyV2L8,,33,60,Warsaw,"4290 W 100 S, Warsaw, IN 46580",OPERATIONAL,TEXT_SEARCH_PRO_IDENTITY,
BATCH-R2-0159,AFY_BATCH_PRODUCTION_20260820_R2,433,'16017,Idaho,Bonner,54420,48N Electric LLC,ChIJ3bHbtzbdY1MRyvPrHk6ReMo,,33,60,Sandpoint,"827 Bobcat Lane, Sandpoint, ID 83864",OPERATIONAL,TEXT_SEARCH_PRO_IDENTITY,
BATCH-R2-0160,AFY_BATCH_PRODUCTION_20260820_R2,457,'16069,Idaho,Nez Perce,42905,Hells Canyon Electric LLC,ChIJe165YKtKoFQRiFrz1_uKzZI,,33,60,Lewiston,"Lewiston, ID 83501",OPERATIONAL,TEXT_SEARCH_PRO_IDENTITY,
BATCH-R2-0161,AFY_BATCH_PRODUCTION_20260820_R2,91,'04005,Arizona,Coconino,144368,"N. J. Shaum & Son, Inc.",ChIJfwxpSEOPLYcRnCSDVN6ogtw,,32,60,Flagstaff,"300 S Babbitt Dr #1, Flagstaff, AZ 86001",OPERATIONAL,TEXT_SEARCH_PRO_IDENTITY,
BATCH-R2-0162,AFY_BATCH_PRODUCTION_20260820_R2,434,'16019,Idaho,Bonneville,135771,"Aidin Electric, LLC",ChIJOSJoBICGmYcR98bE1WQUB-Y,,32,60,Swan Valley,"1908 Chapel Rd, Swan Valley, ID 83449",OPERATIONAL,TEXT_SEARCH_PRO_IDENTITY,
BATCH-R2-0163,AFY_BATCH_PRODUCTION_20260820_R2,587,'18071,Indiana,Jackson,47370,M D Electric,ChIJzYQOPOvsa4gRAVHWfkcPrMI,,32,60,Brownstown,"1117 N County Rd 25 E, Brownstown, IN 47220",OPERATIONAL,TEXT_SEARCH_PRO_IDENTITY,
BATCH-R2-0164,AFY_BATCH_PRODUCTION_20260820_R2,563,'18017,Indiana,Cass,37836,Prime Contracting Llc,ChIJ___TJnGPE4gRKHX6u7OBCzQ,,32,60,Logansport,"505 Front St, Logansport, IN 46947",OPERATIONAL,TEXT_SEARCH_PRO_IDENTITY,
BATCH-R2-0165,AFY_BATCH_PRODUCTION_20260820_R2,592,'18083,Indiana,Knox,35652,"J.E. Shekell, Inc.",ChIJN7R6NBj_bYgR41LbIKdsR_4,,32,60,Vincennes,"2019 N 6th St, Vincennes, IN 47591",OPERATIONAL,TEXT_SEARCH_PRO_IDENTITY,
BATCH-R2-0166,AFY_BATCH_PRODUCTION_20260820_R2,568,'18027,Indiana,Daviess,34209,Underwood Electric,ChIJMSn2OarfbYgRYLrD5lHVAcE,,32,60,Washington,"700 W Main St, Washington, IN 47501",OPERATIONAL,TEXT_SEARCH_PRO_IDENTITY,
BATCH-R2-0167,AFY_BATCH_PRODUCTION_20260820_R2,595,'18091,Indiana,LaPorte,111294,Marquiss Electric Inc,ChIJr007jRcIEYgRneHx9w8VsVk,,31,60,Michigan City,"203 E Harrison St, Michigan City, IN 46360",OPERATIONAL,TEXT_SEARCH_PRO_IDENTITY,
BATCH-R2-0168,AFY_BATCH_PRODUCTION_20260820_R2,464,'16083,Idaho,Twin Falls,97539,Steve's Quality Electric Llc,ChIJkbCEhJejrFQRwYLGoro8ZaE,,31,60,Twin Falls,"289 Locust St, Twin Falls, ID 83301",OPERATIONAL,TEXT_SEARCH_PRO_IDENTITY,
BATCH-R2-0169,AFY_BATCH_PRODUCTION_20260820_R2,582,'18059,Indiana,Hancock,90969,Rocap Electric Service LLC,ChIJtUNvrtsza4gRVZpLLTkQZGI,,31,60,Fortville,"564 W 600 N, Fortville, IN 46040",OPERATIONAL,TEXT_SEARCH_PRO_IDENTITY,
BATCH-R2-0170,AFY_BATCH_PRODUCTION_20260820_R2,593,'18085,Indiana,Kosciusko,80892,Slabaugh eSystems,ChIJ_Z3M_CE_lIQRrvUCMbbx7xg,,31,60,Warsaw,"3983 800 W, Warsaw, IN 46582",OPERATIONAL,TEXT_SEARCH_PRO_IDENTITY,
BATCH-R2-0171,AFY_BATCH_PRODUCTION_20260820_R2,580,'18053,Indiana,Grant,66524,"Rex Collins Electric, Inc.",ChIJMUMMK7H4FIgRSTC7lqBBfDw,,31,60,Marion,"2525 S Miller Ave, Marion, IN 46953",OPERATIONAL,TEXT_SEARCH_PRO_IDENTITY,
BATCH-R2-0172,AFY_BATCH_PRODUCTION_20260820_R2,449,'16051,Idaho,Jefferson,35297,Nelson Electric,ChIJGXnyRVRsVFMRtHtY923ftzU,,31,60,Rigby,"596 4080 E, Rigby, ID 83442",OPERATIONAL,TEXT_SEARCH_PRO_IDENTITY,
BATCH-R2-0173,AFY_BATCH_PRODUCTION_20260820_R2,570,'18031,Indiana,Decatur,26576,Moore Electric of Indiana,ChIJhca18_f6aogRU8RpMvU1N0k,,31,52,Greensburg,"2106 Northgate Dr B, Greensburg, IN 47240",OPERATIONAL,TEXT_SEARCH_PRO_IDENTITY,
BATCH-R2-0174,AFY_BATCH_PRODUCTION_20260820_R2,439,'16031,Idaho,Cassia,26397,J R Pivot Services,ChIJQ_pD_W82q1QRHzl44Vmm4yU,,31,53,Burley,"315 E 8th St, Burley, ID 83318",OPERATIONAL,TEXT_SEARCH_PRO_IDENTITY,
BATCH-R2-0175,AFY_BATCH_PRODUCTION_20260820_R2,91,'04005,Arizona,Coconino,144368,Kirby Electric LLC,ChIJqaqFYCqPLYcRNzVAnWloMZM,,30,60,Flagstaff,"3320 N King St, Flagstaff, AZ 86004",OPERATIONAL,TEXT_SEARCH_PRO_IDENTITY,
BATCH-R2-0176,AFY_BATCH_PRODUCTION_20260820_R2,90,'04003,Arizona,Cochise,126332,Big Handy Jobs,ChIJq_A31F2_NQIR65yRAISlBas,,30,60,Sierra Vista,"467 W Wilcox Dr, Sierra Vista, AZ 85635",OPERATIONAL,TEXT_SEARCH_PRO_IDENTITY,
BATCH-R2-0177,AFY_BATCH_PRODUCTION_20260820_R2,593,'18085,Indiana,Kosciusko,80892,R & R Electric,ChIJLdt6UVGDFogRYenBCjBfGrM,,30,60,Warsaw,"4231 E 300 N, Warsaw, IN 46582",OPERATIONAL,TEXT_SEARCH_PRO_IDENTITY,
BATCH-R2-0178,AFY_BATCH_PRODUCTION_20260820_R2,433,'16017,Idaho,Bonner,54420,"Tork Electric, Inc.",ChIJ9dBtNrfWY1MRfLJJSRcQRKw,,30,60,Sandpoint,"218 Cedar St Ste 202, Sandpoint, ID 83864",OPERATIONAL,TEXT_SEARCH_PRO_IDENTITY,
BATCH-R2-0179,AFY_BATCH_PRODUCTION_20260820_R2,443,'16039,Idaho,Elmore,29465,JAK Services LLC,ChIJTVb2V6P9qwYRDvfi84W6E_8,,30,60,Mountain Home,"350 N 3rd E St Box 100, Mountain Home, ID 83647",OPERATIONAL,TEXT_SEARCH_PRO_IDENTITY,
BATCH-R2-0180,AFY_BATCH_PRODUCTION_20260820_R2,597,'18095,Indiana,Madison,135088,Ace One Electrical,ChIJo0CS7ozZFIgRJxxrwL04HF4,,29,60,Anderson,"1030 S Scatterfield Rd #121, Anderson, IN 46012",OPERATIONAL,TEXT_SEARCH_PRO_IDENTITY,
BATCH-R2-0181,AFY_BATCH_PRODUCTION_20260820_R2,90,'04003,Arizona,Cochise,126332,Alpha Home Services,ChIJB2yR5bT91oYR0GhIbd_mfjg,,29,60,Benson,"670 AZ-80, Benson, AZ 85602",OPERATIONAL,TEXT_SEARCH_PRO_IDENTITY,
BATCH-R2-0182,AFY_BATCH_PRODUCTION_20260820_R2,595,'18091,Indiana,LaPorte,111294,"Troxel Electric, Inc.",ChIJra6kfhgXJWsRCU-VQ8t9Nk4,,29,60,Wanatah,"10525 US-30 Bldg 2C, Wanatah, IN 46390",OPERATIONAL,TEXT_SEARCH_PRO_IDENTITY,
BATCH-R2-0183,AFY_BATCH_PRODUCTION_20260820_R2,427,'16005,Idaho,Bannock,91591,Bear River Electric LLC,ChIJVVVVVRVIVVMRpTiBrWZsq14,,29,60,Pocatello,"Pocatello Creek Rd, Pocatello, ID 83201",OPERATIONAL,TEXT_SEARCH_PRO_IDENTITY,
BATCH-R2-0184,AFY_BATCH_PRODUCTION_20260820_R2,451,'16057,Idaho,Latah,41842,Strom Electric,ChIJLx62KBQfoFQRlNiIB6hArg4,,29,60,Troy,"405 S Main St #3, Troy, ID 83871",OPERATIONAL,TEXT_SEARCH_PRO_IDENTITY,
BATCH-R2-0185,AFY_BATCH_PRODUCTION_20260820_R2,90,'04003,Arizona,Cochise,126332,R&R Electric LLC,ChIJcRooVnKZ14YR9uPib05DAVw,,28,60,Willcox,"4520 Fort Grant Rd, Willcox, AZ 85643",OPERATIONAL,TEXT_SEARCH_PRO_IDENTITY,
BATCH-R2-0186,AFY_BATCH_PRODUCTION_20260820_R2,582,'18059,Indiana,Hancock,90969,Ellison Electric Inc,ChIJsULdmLExa4gRDac7mRc4ojc,,28,60,Greenfield,"1918 Declaration Dr, Greenfield, IN 46140",OPERATIONAL,TEXT_SEARCH_PRO_IDENTITY,
BATCH-R2-0187,AFY_BATCH_PRODUCTION_20260820_R2,557,'18005,Indiana,Bartholomew,85729,Gaylor Electric,ChIJ8842Ebeha4gRUH-_Stbh3tU,,28,46,Columbus,"1636 State St Ste D, Columbus, IN 47201",OPERATIONAL,TEXT_SEARCH_PRO_IDENTITY,
BATCH-R2-0188,AFY_BATCH_PRODUCTION_20260820_R2,580,'18053,Indiana,Grant,66524,East Central Electric Inc,ChIJAQCwREn_FIgRd59HMytbr6c,,28,60,Marion,"1600 W 26th St, Marion, IN 46953",OPERATIONAL,TEXT_SEARCH_PRO_IDENTITY,
BATCH-R2-0189,AFY_BATCH_PRODUCTION_20260820_R2,433,'16017,Idaho,Bonner,54420,Turner Electric Co.,ChIJcfMvSy6PYVMRUqGIzIL_dxc,,28,60,Spirit Lake,"8120 Kelso Lake Rd, Spirit Lake, ID 83869",OPERATIONAL,TEXT_SEARCH_PRO_IDENTITY,
BATCH-R2-0190,AFY_BATCH_PRODUCTION_20260820_R2,598,'18099,Indiana,Marshall,46599,Live Oak Electric,ChIJuazc7otXEYgR2hrgjQ1Gyms,,28,60,Culver,"15718 State Rd 17, Culver, IN 46511",OPERATIONAL,TEXT_SEARCH_PRO_IDENTITY,
BATCH-R2-0191,AFY_BATCH_PRODUCTION_20260820_R2,573,'18037,Indiana,Dubois,44016,"Gudorf Plumbing Heating Cooling Electrical, Inc",ChIJD7zZvQ9ibogRNXqkd0mKVxI,,28,60,Jasper,"1280 Third Ave, Jasper, IN 47546",OPERATIONAL,TEXT_SEARCH_PRO_IDENTITY,
BATCH-R2-0192,AFY_BATCH_PRODUCTION_20260820_R2,451,'16057,Idaho,Latah,41842,Gropp Llc,ChIJu1AOrX4noFQRJQrg32mTUUw,,28,60,Moscow,"PO Box 8929, Moscow, ID 83843",OPERATIONAL,TEXT_SEARCH_PRO_IDENTITY,
BATCH-R2-0193,AFY_BATCH_PRODUCTION_20260820_R2,594,'18087,Indiana,LaGrange,41305,Billingsley & Son Electric Llc,ChIJr_FHV1pCFogR8O4-14jvzRg,,28,60,Wolcottville,"7250 S 185 E, Wolcottville, IN 46795",OPERATIONAL,TEXT_SEARCH_PRO_IDENTITY,
BATCH-R2-0194,AFY_BATCH_PRODUCTION_20260820_R2,602,'18107,Indiana,Montgomery,38954,KBM Mechanical,ChIJ8X7OlaLXEogR-yQx1G09ivY,,28,39,Crawfordsville,"132 W Main St, Crawfordsville, IN 47933",OPERATIONAL,TEXT_SEARCH_PRO_IDENTITY,
BATCH-R2-0195,AFY_BATCH_PRODUCTION_20260820_R2,563,'18017,Indiana,Cass,37836,Defco Inc,ChIJ4776NAN1FIgRhtwDqDoc_YY,,28,60,Twelve Mile,"8281 IN-16, Twelve Mile, IN 46988",OPERATIONAL,TEXT_SEARCH_PRO_IDENTITY,
BATCH-R2-0196,AFY_BATCH_PRODUCTION_20260820_R2,460,'16075,Idaho,Payette,27824,All Star Electric Solutions inc.,ChIJKwWxQrCar1QRiZx2ZchT4p4,,28,60,Fruitland,"2824 NW 3rd Ave, Fruitland, ID 83619",OPERATIONAL,TEXT_SEARCH_PRO_IDENTITY,
BATCH-R2-0197,AFY_BATCH_PRODUCTION_20260820_R2,591,'18079,Indiana,Jennings,27622,Gilpin Electric & Generator Services,ChIJJbhiuWqza4gRg3xQetKPL_8,,28,57,North Vernon,"303 5th St, North Vernon, IN 47265",OPERATIONAL,TEXT_SEARCH_PRO_IDENTITY,
BATCH-R2-0198,AFY_BATCH_PRODUCTION_20260820_R2,570,'18031,Indiana,Decatur,26576,MaD Technical Services,ChIJFzIQ_tj4aogRTz6HvP_Z-gs,,28,52,Greensburg,"4277 S Co Rd 60 SW, Greensburg, IN 47240",OPERATIONAL,TEXT_SEARCH_PRO_IDENTITY,
BATCH-R2-0199,AFY_BATCH_PRODUCTION_20260820_R2,96,'04017,Arizona,Navajo,109946,Kay Electric Inc.,ChIJ5_CSd6E0L4cRAbiEnt-K3bc,,27,60,Show Low,"241 E Deuce of Clubs, Show Low, AZ 85901",OPERATIONAL,TEXT_SEARCH_PRO_IDENTITY,
BATCH-R2-0200,AFY_BATCH_PRODUCTION_20260820_R2,557,'18005,Indiana,Bartholomew,85729,Lovelace Electric Co Inc,ChIJG7P_FzKga4gRe8le5fCdKzk,,27,46,Columbus,"1414 Lafayette Ave, Columbus, IN 47201",OPERATIONAL,TEXT_SEARCH_PRO_IDENTITY,
BATCH-R2-0201,AFY_BATCH_PRODUCTION_20260820_R2,580,'18053,Indiana,Grant,66524,Swanner Electric,ChIJT00j51EBFYgRSa5Qv9e55So,,27,60,Gas City,"1024 Fairview Dr, Gas City, IN 46933",OPERATIONAL,TEXT_SEARCH_PRO_IDENTITY,
BATCH-R2-0202,AFY_BATCH_PRODUCTION_20260820_R2,569,'18029,Indiana,Dearborn,51609,The Electrical Connection Inc.,ChIJZdIkqy3RQYgRZh4q4OWTjis,,27,60,Lawrenceburg,"99 Front St, Lawrenceburg, IN 47025",OPERATIONAL,TEXT_SEARCH_PRO_IDENTITY,
BATCH-R2-0203,AFY_BATCH_PRODUCTION_20260820_R2,598,'18099,Indiana,Marshall,46599,"M&J Electric Plus, Inc.",ChIJq6oaDEpTEYgRj0_JAV6ABPg,,27,60,Plymouth,"10832 King Rd, Plymouth, IN 46563",OPERATIONAL,TEXT_SEARCH_PRO_IDENTITY,
BATCH-R2-0204,AFY_BATCH_PRODUCTION_20260820_R2,431,'16013,Idaho,Blaine,25517,Electrical Wholesale Supply Co,ChIJw-UCL0XUq1QR7loSMf9FQRI,,27,60,Hailey,"1910 Electra Ln, Hailey, ID 83333",OPERATIONAL,TEXT_SEARCH_PRO_IDENTITY,
BATCH-R2-0205,AFY_BATCH_PRODUCTION_20260820_R2,90,'04003,Arizona,Cochise,126332,Pacheco Electric Llc,ChIJVVURB4ye14YRdrmGAIeE37I,,26,60,Willcox,"2630 W Companero Rd, Willcox, AZ 85643",OPERATIONAL,TEXT_SEARCH_PRO_IDENTITY,
BATCH-R2-0206,AFY_BATCH_PRODUCTION_20260820_R2,582,'18059,Indiana,Hancock,90969,Premium Mechanical LLC,ChIJoz0aGXAxa4gR6jCaEtVIAfo,,26,60,Greenfield,"1043 W US Hwy 40 #7768, Greenfield, IN 46140",OPERATIONAL,TEXT_SEARCH_PRO_IDENTITY,
BATCH-R2-0207,AFY_BATCH_PRODUCTION_20260820_R2,430,'16011,Idaho,Bingham,51153,Ideal Electric,ChIJ512TjoASVVMR3q5N-HRqx38,,26,60,Blackfoot,"1057 South St, Blackfoot, ID 83221",OPERATIONAL,TEXT_SEARCH_PRO_IDENTITY,
BATCH-R2-0208,AFY_BATCH_PRODUCTION_20260820_R2,571,'18033,Indiana,DeKalb,44535,Electric Connection Inc,ChIJl5nNlgQbFogRS7JgRaLOwZw,,26,60,Auburn,"Auburn, IN 46706",OPERATIONAL,TEXT_SEARCH_PRO_IDENTITY,
BATCH-R2-0209,AFY_BATCH_PRODUCTION_20260820_R2,594,'18087,Indiana,LaGrange,41305,"Solect Energy, L.L.C.",ChIJye3CAw5FFogReG5Xu5mdY58,,26,60,LaGrange,"340 E 200 S, LaGrange, IN 46761",OPERATIONAL,TEXT_SEARCH_PRO_IDENTITY,
BATCH-R2-0210,AFY_BATCH_PRODUCTION_20260820_R2,565,'18021,Indiana,Clay,26410,Anytime Electrical,ChIJLQAZgUgRbYgRrNT1avYBCho,,26,60,Brazil,"Brazil, IN 47834",OPERATIONAL,TEXT_SEARCH_PRO_IDENTITY,
BATCH-R2-0211,AFY_BATCH_PRODUCTION_20260820_R2,91,'04005,Arizona,Coconino,144368,"One Shot Installation Electrical, Plumbing & Appliance Repair-Electrician & Plumber Flagstaff, AZ.",ChIJETpr8cCCTC8RzTdyftMgYhA,,25,60,Flagstaff,"3200 S Litzler Dr Unit 206, Flagstaff, AZ 86001",OPERATIONAL,TEXT_SEARCH_PRO_IDENTITY,
BATCH-R2-0212,AFY_BATCH_PRODUCTION_20260820_R2,601,'18105,Indiana,Monroe,143345,Breezy Electric,ChIJLXmNEcImRagRc1gmig8rD94,,25,60,Ellettsville,"2073 N Ridgeway Dr, Ellettsville, IN 47429",OPERATIONAL,TEXT_SEARCH_PRO_IDENTITY,
BATCH-R2-0213,AFY_BATCH_PRODUCTION_20260820_R2,572,'18035,Indiana,Delaware,113106,Martin Electric,ChIJe3sE_ks8FYgRqNwfpiSzZcw,,25,57,Muncie,"2662 S Monroe St, Muncie, IN 47302",OPERATIONAL,TEXT_SEARCH_PRO_IDENTITY,
BATCH-R2-0214,AFY_BATCH_PRODUCTION_20260820_R2,96,'04017,Arizona,Navajo,109946,Static Sun Electric & Solar,ChIJ___PZCUjL4cRqzUrrjjt-Os,,25,60,Snowflake,"426 S Main St, Snowflake, AZ 85937",OPERATIONAL,TEXT_SEARCH_PRO_IDENTITY,
BATCH-R2-0215,AFY_BATCH_PRODUCTION_20260820_R2,464,'16083,Idaho,Twin Falls,97539,Metco Electrical Co,ChIJ1YsE_AijrFQR2OEIO3iFRVk,,25,60,Twin Falls,"408 6th Ave W, Twin Falls, ID 83301",OPERATIONAL,TEXT_SEARCH_PRO_IDENTITY,
BATCH-R2-0216,AFY_BATCH_PRODUCTION_20260820_R2,427,'16005,Idaho,Bannock,91591,Oneida Electric Inc,ChIJGU4rqJdFVVMRwo-_F_l6T3k,,25,60,Pocatello,"1525 Kinghorn Rd, Pocatello, ID 83201",OPERATIONAL,TEXT_SEARCH_PRO_IDENTITY,
BATCH-R2-0217,AFY_BATCH_PRODUCTION_20260820_R2,582,'18059,Indiana,Hancock,90969,Apex Electric and Sign,ChIJQQU7oYAya4gR0iccde57Z3w,,25,60,Maxwell,"238 N Main St, Maxwell, IN 46154",OPERATIONAL,TEXT_SEARCH_PRO_IDENTITY,
BATCH-R2-0218,AFY_BATCH_PRODUCTION_20260820_R2,560,'18011,Indiana,Boone,80689,Elite Electrical Services,ChIJu_Wmgbg3E4gRdA8Zik5dnVs,,25,60,Thorntown,"1925 N 700 W, Thorntown, IN 46071",OPERATIONAL,TEXT_SEARCH_PRO_IDENTITY,
BATCH-R2-0219,AFY_BATCH_PRODUCTION_20260820_R2,89,'04001,Arizona,Apache,64445,Navajo Electric,ChIJW3UkSoM2MIcRgwCzre1IH34,,25,60,Window Rock,"Navajo Hill Dr, Window Rock, AZ 86515",OPERATIONAL,TEXT_SEARCH_PRO_IDENTITY,
BATCH-R2-0220,AFY_BATCH_PRODUCTION_20260820_R2,598,'18099,Indiana,Marshall,46599,Huffman Electric,ChIJ299Iu4JTEYgRxuGanlTy28c,,25,60,Plymouth,"1854 W Jefferson St #110, Plymouth, IN 46563",OPERATIONAL,TEXT_SEARCH_PRO_IDENTITY,
BATCH-R2-0221,AFY_BATCH_PRODUCTION_20260820_R2,581,'18055,Indiana,Greene,31165,English Electric,ChIJlVXmN_VPbIgRikxZ1OAip1g,,25,60,Bloomfield,"6683 E State Rd 54, Bloomfield, IN 47424",OPERATIONAL,TEXT_SEARCH_PRO_IDENTITY,
BATCH-R2-0222,AFY_BATCH_PRODUCTION_20260820_R2,460,'16075,Idaho,Payette,27824,Monster Electric Corporation,ChIJDyvCK6YzUmIRBg9xCTXSuxE,,25,60,New Plymouth,"4272 SW 4th Ave, New Plymouth, ID 83655",OPERATIONAL,TEXT_SEARCH_PRO_IDENTITY,
BATCH-R2-0223,AFY_BATCH_PRODUCTION_20260820_R2,439,'16031,Idaho,Cassia,26397,Ramsey Heating & Electric,ChIJbbCtZu41q1QRudIcAnJWw2Y,,25,53,Burley,"2600 Overland Ave, Burley, ID 83318",OPERATIONAL,TEXT_SEARCH_PRO_IDENTITY,
BATCH-R2-0224,AFY_BATCH_PRODUCTION_20260820_R2,431,'16013,Idaho,Blaine,25517,"Advanced Data & Electric, Inc.",ChIJC9HMFGGDqVQRSqg54cX40pI,,25,60,Ketchum,"680 Second Ave Ste 200, Ketchum, ID 83340",OPERATIONAL,TEXT_SEARCH_PRO_IDENTITY,
BATCH-R2-0225,AFY_BATCH_PRODUCTION_20260820_R2,601,'18105,Indiana,Monroe,143345,Peterman Brothers Heating Cooling Plumbing,ChIJv3_PZIhhbIgRmZJ-i9haK-Y,,24,60,Bloomington,"3133 N Westbury Village Dr Ste 2, Bloomington, IN 47404",OPERATIONAL,TEXT_SEARCH_PRO_IDENTITY,
BATCH-R2-0226,AFY_BATCH_PRODUCTION_20260820_R2,90,'04003,Arizona,Cochise,126332,Lighthouse Electric & Solar,ChIJVTg07bPg2YYRe5yE9sM5AVI,,24,60,,"9785 AZ-181, Pearce, AZ 85625",OPERATIONAL,TEXT_SEARCH_PRO_IDENTITY,
BATCH-R2-0227,AFY_BATCH_PRODUCTION_20260820_R2,96,'04017,Arizona,Navajo,109946,EcoSun Electric and Solar,ChIJmQvqpBY1L4cRGQ3Tw8o4BtU,,24,60,Show Low,"1400 E Deuce of Clubs Unit 4, Show Low, AZ 85901",OPERATIONAL,TEXT_SEARCH_PRO_IDENTITY,
BATCH-R2-0228,AFY_BATCH_PRODUCTION_20260820_R2,464,'16083,Idaho,Twin Falls,97539,Waite Electric Co,ChIJl3LS_aOjrFQRpoanymDV--E,,24,60,Twin Falls,"255 2nd Ave E, Twin Falls, ID 83301",OPERATIONAL,TEXT_SEARCH_PRO_IDENTITY,
BATCH-R2-0229,AFY_BATCH_PRODUCTION_20260820_R2,427,'16005,Idaho,Bannock,91591,Allied Electrical Construction,ChIJ3x1cFSJNVVMR4Tmh1K0UF88,,24,60,Pocatello,"770 Mink Creek Rd, Pocatello, ID 83204",OPERATIONAL,TEXT_SEARCH_PRO_IDENTITY,
BATCH-R2-0230,AFY_BATCH_PRODUCTION_20260820_R2,582,'18059,Indiana,Hancock,90969,Maynard Electric,ChIJV_8OlK8xa4gR6JIuZg_CNG0,,24,60,Greenfield,"1958 Justice Dr, Greenfield, IN 46140",OPERATIONAL,TEXT_SEARCH_PRO_IDENTITY,
BATCH-R2-0231,AFY_BATCH_PRODUCTION_20260820_R2,573,'18037,Indiana,Dubois,44016,Fischer Electric Inc,ChIJh3fHZc2NbogRnGF0XoHEWxY,,24,60,Saint Anthony,"6673 E Schnellville Rd, St Anthony, IN 47575",OPERATIONAL,TEXT_SEARCH_PRO_IDENTITY,
BATCH-R2-0232,AFY_BATCH_PRODUCTION_20260820_R2,457,'16069,Idaho,Nez Perce,42905,Inland Metals Electric LLC,ChIJ5RUJBejLoVQRwBUwieeuUcY,,24,60,Lewiston,"708 Main St, Lewiston, ID 83501",OPERATIONAL,TEXT_SEARCH_PRO_IDENTITY,
BATCH-R2-0233,AFY_BATCH_PRODUCTION_20260820_R2,451,'16057,Idaho,Latah,41842,River Electric LLC,ChIJbyaqmcXxn1QRbHxMkjgrN3A,,24,60,Princeton,"1025 Tukta Way Ln, Princeton, ID 83857",OPERATIONAL,TEXT_SEARCH_PRO_IDENTITY,
BATCH-R2-0234,AFY_BATCH_PRODUCTION_20260820_R2,602,'18107,Indiana,Montgomery,38954,All trades handyman service,ChIJXUHeVX8pE4gRHVJLgpGxpa4,,24,39,Crawfordsville,"207 Jones Ave, Crawfordsville, IN 47933",OPERATIONAL,TEXT_SEARCH_PRO_IDENTITY,
BATCH-R2-0235,AFY_BATCH_PRODUCTION_20260820_R2,563,'18017,Indiana,Cass,37836,Small's Electrical And Maintenance,ChIJ6ZYJT0SPE4gRuk1N8pm-Ca0,,24,60,Logansport,"1403 George St, Logansport, IN 46947",OPERATIONAL,TEXT_SEARCH_PRO_IDENTITY,
BATCH-R2-0236,AFY_BATCH_PRODUCTION_20260820_R2,431,'16013,Idaho,Blaine,25517,The Electricians Inc,ChIJS_EFgZzTq1QRz_cqZQbLr2s,,24,60,Bellevue,"Bellevue, ID 83313, USA",OPERATIONAL,TEXT_SEARCH_PRO_IDENTITY,
BATCH-R2-0237,AFY_BATCH_PRODUCTION_20260820_R2,601,'18105,Indiana,Monroe,143345,KRAZYNUTZ,ChIJG5Qj4KZjbIgROrbQQlVPBvs,,23,60,Unionville,"6209 Shuffle Creek Rd, Unionville, IN 47468",OPERATIONAL,TEXT_SEARCH_PRO_IDENTITY,
BATCH-R2-0238,AFY_BATCH_PRODUCTION_20260820_R2,597,'18095,Indiana,Madison,135088,K & A Electrical Solutions,ChIJc4II0JTRFIgRZ9kPLyB8ftw,,23,60,Pendleton,"138 W State St, Pendleton, IN 46064",OPERATIONAL,TEXT_SEARCH_PRO_IDENTITY,
BATCH-R2-0239,AFY_BATCH_PRODUCTION_20260820_R2,90,'04003,Arizona,Cochise,126332,A&L Electric,ChIJI6KxJ10D14YRpFIKMhuEQv0,,23,60,Benson,"208 N Brandt Ave, Benson, AZ 85602",OPERATIONAL,TEXT_SEARCH_PRO_IDENTITY,
BATCH-R2-0240,AFY_BATCH_PRODUCTION_20260820_R2,585,'18067,Indiana,Howard,83904,Martin Contracting,ChIJTR1MJIGGFIgRSoY4oMkbScs,,23,28,Kokomo,"816 N Courtland Ave, Kokomo, IN 46901",OPERATIONAL,TEXT_SEARCH_PRO_IDENTITY,
BATCH-R2-0241,AFY_BATCH_PRODUCTION_20260820_R2,93,'04009,Arizona,Graham,40157,Oesterling Electrical Services,ChIJ57Apljfi14YRb0NlInVCFsg,,23,39,Pima,"1797 Harvey Ave, Pima, AZ 85543",OPERATIONAL,TEXT_SEARCH_PRO_IDENTITY,
BATCH-R2-0242,AFY_BATCH_PRODUCTION_20260820_R2,568,'18027,Indiana,Daviess,34209,K&K Electrical LLC,ChIJ3c-26erZbYgRExh3Sp6dcCU,,23,60,Montgomery,"5461 W 300 N, Montgomery, IN 47558",OPERATIONAL,TEXT_SEARCH_PRO_IDENTITY,
BATCH-R2-0243,AFY_BATCH_PRODUCTION_20260820_R2,590,'18077,Indiana,Jefferson,33279,Brighter Way Electric,ChIJASfsHKE7aogRxutdmvpm8BA,,23,60,Madison,"303 Quail Ridge Ln, Madison, IN 47250",OPERATIONAL,TEXT_SEARCH_PRO_IDENTITY,
BATCH-R2-0244,AFY_BATCH_PRODUCTION_20260820_R2,439,'16031,Idaho,Cassia,26397,Cameron Electric,ChIJm1VJyTtOq1QR5vPQ9fFOvHo,,23,53,Declo,"324 S, ID-77, Declo, ID 83323",OPERATIONAL,TEXT_SEARCH_PRO_IDENTITY,
BATCH-R2-0245,AFY_BATCH_PRODUCTION_20260820_R2,577,'18047,Indiana,Franklin,23286,Sacksteder & Ward,ChIJIYGDCCnZjq4RrloWe8QWUbc,,23,34,Brookville,"617 Main St, Brookville, IN 47012",OPERATIONAL,TEXT_SEARCH_PRO_IDENTITY,
BATCH-R2-0246,AFY_BATCH_PRODUCTION_20260820_R2,601,'18105,Indiana,Monroe,143345,Star Electrical Contractor,ChIJL4HckAFnbIgRH00v_ARcjLA,,22,60,Bloomington,"120 W 7th St, Bloomington, IN 47404",OPERATIONAL,TEXT_SEARCH_PRO_IDENTITY,
BATCH-R2-0247,AFY_BATCH_PRODUCTION_20260820_R2,595,'18091,Indiana,LaPorte,111294,Harbor Electric Inc,ChIJt_85oy4PEYgROgNHUcwciiM,,22,60,La Porte,"5212 N 600 W, La Porte, IN 46350",OPERATIONAL,TEXT_SEARCH_PRO_IDENTITY,
BATCH-R2-0248,AFY_BATCH_PRODUCTION_20260820_R2,569,'18029,Indiana,Dearborn,51609,D & M Electric,ChIJY9nfF5rTQYgRR6VdYnNHBbE,,22,60,Lawrenceburg,"19651 Knollwood Dr, Lawrenceburg, IN 47025",OPERATIONAL,TEXT_SEARCH_PRO_IDENTITY,
BATCH-R2-0249,AFY_BATCH_PRODUCTION_20260820_R2,430,'16011,Idaho,Bingham,51153,Mountain West Electric Inc,ChIJhd2EQLgPVVMRMcYCsFX0qcI,,22,60,Blackfoot,"586 US-26, Blackfoot, ID 83221",OPERATIONAL,TEXT_SEARCH_PRO_IDENTITY,
BATCH-R2-0250,AFY_BATCH_PRODUCTION_20260820_R2,584,'18065,Indiana,Henry,49137,Best Electric,ChIJ4S0OC3YzFYgRhLbFTamVhis,,22,60,New Castle,"1406 Broad St #104, New Castle, IN 47362",OPERATIONAL,TEXT_SEARCH_PRO_IDENTITY,
BATCH-R2-0251,AFY_BATCH_PRODUCTION_20260820_R2,573,'18037,Indiana,Dubois,44016,Hulsman Electric Co,ChIJc1_SRIRkbogR-0UA-BHE25Y,,22,60,Jasper,"4502 W Walnut St, Jasper, IN 47546",OPERATIONAL,TEXT_SEARCH_PRO_IDENTITY,
BATCH-R2-0252,AFY_BATCH_PRODUCTION_20260820_R2,602,'18107,Indiana,Montgomery,38954,Young Guns Heating Cooling & Electrical LLC,ChIJocevb_PXEogRzedycKyiI-Y,,22,39,Crawfordsville,"2209 Indianapolis Rd, Crawfordsville, IN 47933",OPERATIONAL,TEXT_SEARCH_PRO_IDENTITY,
BATCH-R2-0253,AFY_BATCH_PRODUCTION_20260820_R2,601,'18105,Indiana,Monroe,143345,D Davis Electric LLC,ChIJPQCvf_6HbIgRHac44B5AKZY,,21,60,Unionville,"8669 N Low Gap Rd, Unionville, IN 47468",OPERATIONAL,TEXT_SEARCH_PRO_IDENTITY,
BATCH-R2-0254,AFY_BATCH_PRODUCTION_20260820_R2,434,'16019,Idaho,Bonneville,135771,McMurphy Electric LLC,ChIJm3U8oMr1VFMRefMeR7uE564,,21,60,Ammon,"4545 E 65th S, Ammon, ID 83406",OPERATIONAL,TEXT_SEARCH_PRO_IDENTITY,
BATCH-R2-0255,AFY_BATCH_PRODUCTION_20260820_R2,560,'18011,Indiana,Boone,80689,Wills Electric Group,ChIJYaae1CZPE4gRzd4rg6xw7kw,,21,60,Lebanon,"519 Glendale Dr, Lebanon, IN 46052",OPERATIONAL,TEXT_SEARCH_PRO_IDENTITY,
BATCH-R2-0256,AFY_BATCH_PRODUCTION_20260820_R2,433,'16017,Idaho,Bonner,54420,Energy Electric Inc.,ChIJ5XT4vfDTY1MRdm3-dTU8MlM,,21,60,Ponderay,"1275 Triangle Dr, Ponderay, ID 83852",OPERATIONAL,TEXT_SEARCH_PRO_IDENTITY,
BATCH-R2-0257,AFY_BATCH_PRODUCTION_20260820_R2,584,'18065,Indiana,Henry,49137,"Fox Electric Service, LLC",ChIJvQS0pLMxFYgR771Xv9W8k9I,,21,60,New Castle,"527 S Walnut St, New Castle, IN 47362",OPERATIONAL,TEXT_SEARCH_PRO_IDENTITY,
BATCH-R2-0258,AFY_BATCH_PRODUCTION_20260820_R2,594,'18087,Indiana,LaGrange,41305,Photon Electric LLC,ChIJcYm6uiP1FogRym0cGFi8Rro,,21,60,Millersburg,"11585 W 700 S, Millersburg, IN 46543",OPERATIONAL,TEXT_SEARCH_PRO_IDENTITY,
BATCH-R2-0259,AFY_BATCH_PRODUCTION_20260820_R2,586,'18069,Indiana,Huntington,37224,Leas Electric,ChIJZejuLiDIFYgR5UZ4Y650p3U,,21,60,Huntington,"2787 035 W, Huntington, IN 46750",OPERATIONAL,TEXT_SEARCH_PRO_IDENTITY,
BATCH-R2-0260,AFY_BATCH_PRODUCTION_20260820_R2,591,'18079,Indiana,Jennings,27622,Quality Controls & Elec Services,ChIJ754racdKaogRVxRgv93ZDKc,,21,57,North Vernon,"41 Norris Ave, North Vernon, IN 47265",OPERATIONAL,TEXT_SEARCH_PRO_IDENTITY,
BATCH-R2-0261,AFY_BATCH_PRODUCTION_20260820_R2,431,'16013,Idaho,Blaine,25517,Resort Electric,ChIJTxLAGwDVq1QRSHiJLEeLOKA,,21,60,Hailey,"4180 Black Oak Dr, Hailey, ID 83333",OPERATIONAL,TEXT_SEARCH_PRO_IDENTITY,
BATCH-R2-0262,AFY_BATCH_PRODUCTION_20260820_R2,601,'18105,Indiana,Monroe,143345,Atomic Electric and Solar,ChIJwZkQs_1mbIgRzxzvNbq6Q7s,,20,60,Bloomington,"1401 S Madison St, Bloomington, IN 47403",OPERATIONAL,TEXT_SEARCH_PRO_IDENTITY,
BATCH-R2-0263,AFY_BATCH_PRODUCTION_20260820_R2,572,'18035,Indiana,Delaware,113106,Karo Inc,ChIJ96QyKsQXFYgR2d2LwYMxJoE,,20,57,Muncie,"1909 W Riggin Rd, Muncie, IN 47304",OPERATIONAL,TEXT_SEARCH_PRO_IDENTITY,
BATCH-R2-0264,AFY_BATCH_PRODUCTION_20260820_R2,427,'16005,Idaho,Bannock,91591,C & K Electric,ChIJDz6dlB5PVVMRrrNLEUjEWqI,,20,60,Pocatello,"522 S 1st Ave, Pocatello, ID 83201",OPERATIONAL,TEXT_SEARCH_PRO_IDENTITY,
BATCH-R2-0265,AFY_BATCH_PRODUCTION_20260820_R2,585,'18067,Indiana,Howard,83904,IBEW Local 873,ChIJmeDy5UaGFIgRy1kdOaZtPrM,,20,28,Kokomo,"1931 S Elizabeth St, Kokomo, IN 46902",OPERATIONAL,TEXT_SEARCH_PRO_IDENTITY,
BATCH-R2-0266,AFY_BATCH_PRODUCTION_20260820_R2,579,'18051,Indiana,Gibson,33091,Smart Power Electric LLC,ChIJASDeJLnjcYgR2OZurdp9I24,,20,60,Patoka,"8196 W 425 N North, Patoka, IN 47666",OPERATIONAL,TEXT_SEARCH_PRO_IDENTITY,
BATCH-R2-0267,AFY_BATCH_PRODUCTION_20260820_R2,591,'18079,Indiana,Jennings,27622,ETC ELECTRICAL SYSTEMS,ChIJhwrIHUOza4gRW2M5-LC0t1o,,20,57,North Vernon,"865 S State St, North Vernon, IN 47265",OPERATIONAL,TEXT_SEARCH_PRO_IDENTITY,
BATCH-R2-0268,AFY_BATCH_PRODUCTION_20260820_R2,565,'18021,Indiana,Clay,26410,Single phase electric,ChIJUbVKYsITbYgRlXCUaASTJNg,,20,60,Brazil,"9748 N County Rd 425 W, Brazil, IN 47834",OPERATIONAL,TEXT_SEARCH_PRO_IDENTITY,
BATCH-R2-0269,AFY_BATCH_PRODUCTION_20260820_R2,434,'16019,Idaho,Bonneville,135771,Bills Superior Electric Inc.,ChIJ2wALSyJ1fwgRQjXmoBvT3xA,,19,60,Idaho Falls,"5261 Beach Dr Unit 7, Idaho Falls, ID 83401",OPERATIONAL,TEXT_SEARCH_PRO_IDENTITY,
BATCH-R2-0270,AFY_BATCH_PRODUCTION_20260820_R2,572,'18035,Indiana,Delaware,113106,Reid's Electrical Services,ChIJReSIE-YjFYgRVV7sBplY_1Y,,19,57,Yorktown,"9010 W Smith St, Yorktown, IN 47396",OPERATIONAL,TEXT_SEARCH_PRO_IDENTITY,
BATCH-R2-0271,AFY_BATCH_PRODUCTION_20260820_R2,595,'18091,Indiana,LaPorte,111294,"Current Electric, Inc.",ChIJmfcjLpIIEYgRAZ8wpq_xZxM,,19,60,Michigan City,"301 Chapala Pkwy, Michigan City, IN 46360",OPERATIONAL,TEXT_SEARCH_PRO_IDENTITY,
BATCH-R2-0272,AFY_BATCH_PRODUCTION_20260820_R2,427,'16005,Idaho,Bannock,91591,"Frontline Electrical, LLC",ChIJPYbF4txHVVMRrAUqPJJBADg,,19,60,Pocatello,"5913 Eve St, Pocatello, ID 83202",OPERATIONAL,TEXT_SEARCH_PRO_IDENTITY,
BATCH-R2-0273,AFY_BATCH_PRODUCTION_20260820_R2,557,'18005,Indiana,Bartholomew,85729,Clarke Electrical Services LLC,ChIJXYNZ79qha4gR3cf9ezNDcq8,,19,46,Columbus,"233 S Gladstone Ave, Columbus, IN 47201",OPERATIONAL,TEXT_SEARCH_PRO_IDENTITY,
BATCH-R2-0274,AFY_BATCH_PRODUCTION_20260820_R2,585,'18067,Indiana,Howard,83904,Stelko Electric Inc,ChIJEeSkml-GFIgRwE7NB72v0RE,,19,28,Kokomo,"2529 N Washington St, Kokomo, IN 46901",OPERATIONAL,TEXT_SEARCH_PRO_IDENTITY,
BATCH-R2-0275,AFY_BATCH_PRODUCTION_20260820_R2,593,'18085,Indiana,Kosciusko,80892,Derry Electric Inc,ChIJ29JN61mcFogR0cqWdIOTCZE,,19,60,Warsaw,"1485 N 175 E, Warsaw, IN 46582",OPERATIONAL,TEXT_SEARCH_PRO_IDENTITY,
BATCH-R2-0276,AFY_BATCH_PRODUCTION_20260820_R2,602,'18107,Indiana,Montgomery,38954,Cook Home Services,ChIJRzBFXjzWEogRFPSy51Uv7ic,,19,39,Crawfordsville,"1002 Covington St, Crawfordsville, IN 47933",OPERATIONAL,TEXT_SEARCH_PRO_IDENTITY,
BATCH-R2-0277,AFY_BATCH_PRODUCTION_20260820_R2,600,'18103,Indiana,Miami,34487,Birner Electric,ChIJXZ_CLd6b_mkRl04HClrcQZ8,,19,60,Peru,"2172 S 300 W, Peru, IN 46970",OPERATIONAL,TEXT_SEARCH_PRO_IDENTITY,
BATCH-R2-0278,AFY_BATCH_PRODUCTION_20260820_R2,591,'18079,Indiana,Jennings,27622,Gilpin Electric and Generator Services Inc,ChIJ-0Si7a-za4gR2P-D64LPE_8,,19,57,North Vernon,"419 German St, North Vernon, IN 47265",OPERATIONAL,TEXT_SEARCH_PRO_IDENTITY,
BATCH-R2-0279,AFY_BATCH_PRODUCTION_20260820_R2,431,'16013,Idaho,Blaine,25517,Roberts Electric Inc,ChIJ4TTNb5zTq1QR_5_4ppTZOLE,,19,60,Bellevue,"710 N Main St, Bellevue, ID 83313",OPERATIONAL,TEXT_SEARCH_PRO_IDENTITY,
BATCH-R2-0280,AFY_BATCH_PRODUCTION_20260820_R2,601,'18105,Indiana,Monroe,143345,Alexander Electric,ChIJLdJr1bldbIgRynPX8Aw0JtU,,18,60,Bloomington,"5970 W State Rd 48, Bloomington, IN 47404",OPERATIONAL,TEXT_SEARCH_PRO_IDENTITY,
BATCH-R2-0281,AFY_BATCH_PRODUCTION_20260820_R2,90,'04003,Arizona,Cochise,126332,Scudder Electric,ChIJezTfwjEp14YRf9NfhBb5d3o,,18,60,Sierra Vista,"1936 Paseo De La Luna APT 16, Sierra Vista, AZ 85635",OPERATIONAL,TEXT_SEARCH_PRO_IDENTITY,
BATCH-R2-0282,AFY_BATCH_PRODUCTION_20260820_R2,96,'04017,Arizona,Navajo,109946,Phil Stratton Electric Inc,ChIJK3m5ob00L4cRq78KrQBZaC0,,18,60,Snowflake,"106 S Main St, Snowflake, AZ 85937",OPERATIONAL,TEXT_SEARCH_PRO_IDENTITY,
BATCH-R2-0283,AFY_BATCH_PRODUCTION_20260820_R2,427,'16005,Idaho,Bannock,91591,Electric Construction & Sales,ChIJ26Reqx9PVVMRjmP4iVT-Rok,,18,60,Pocatello,"856 S 2nd Ave, Pocatello, ID 83201",OPERATIONAL,TEXT_SEARCH_PRO_IDENTITY,
BATCH-R2-0284,AFY_BATCH_PRODUCTION_20260820_R2,585,'18067,Indiana,Howard,83904,Brandt's Heating Cooling & Electrical,ChIJzbgAJX2GFIgRCHoJj19Jrls,,18,28,Kokomo,"1245 E Gano St, Kokomo, IN 46901",OPERATIONAL,TEXT_SEARCH_PRO_IDENTITY,
BATCH-R2-0285,AFY_BATCH_PRODUCTION_20260820_R2,587,'18071,Indiana,Jackson,47370,Nichalson Electric Inc,ChIJJ5xd64e-a4gRU1U3Pvx-dWg,,18,60,Seymour,"10920 N, Hwy 11, Seymour, IN 47274",OPERATIONAL,TEXT_SEARCH_PRO_IDENTITY,
BATCH-R2-0286,AFY_BATCH_PRODUCTION_20260820_R2,598,'18099,Indiana,Marshall,46599,Banner Electric Inc,ChIJhVsrVM1TEYgRnWTRnH3R8fk,,18,60,Plymouth,"1515 W Jefferson St, Plymouth, IN 46563",OPERATIONAL,TEXT_SEARCH_PRO_IDENTITY,
BATCH-R2-0287,AFY_BATCH_PRODUCTION_20260820_R2,451,'16057,Idaho,Latah,41842,TKL Electric,ChIJhzn50HInoFQRbQq1D4-rf90,,18,60,Moscow,"1420 S Blaine St #31, Moscow, ID 83843",OPERATIONAL,TEXT_SEARCH_PRO_IDENTITY,
BATCH-R2-0288,AFY_BATCH_PRODUCTION_20260820_R2,594,'18087,Indiana,LaGrange,41305,J L Electric,ChIJx00uZCFMFogRj2o_Tj1LY4Q,,18,60,Howe,"7540 N 250 E, Howe, IN 46746",OPERATIONAL,TEXT_SEARCH_PRO_IDENTITY,
BATCH-R2-0289,AFY_BATCH_PRODUCTION_20260820_R2,563,'18017,Indiana,Cass,37836,Fissel Electric Services Inc,ChIJz2qEaHOPE4gRJ7_G2HM64UQ,,18,60,Logansport,"128 Tacoma Ave, Logansport, IN 46947",OPERATIONAL,TEXT_SEARCH_PRO_IDENTITY,
BATCH-R2-0290,AFY_BATCH_PRODUCTION_20260820_R2,601,'18105,Indiana,Monroe,143345,Aim to Please Plumbing & Electric,ChIJsfeu12ZdbIgRG1NLomYX9Lc,,17,60,Bloomington,"5115 S Harmony Rd, Bloomington, IN 47403",OPERATIONAL,TEXT_SEARCH_PRO_IDENTITY,
BATCH-R2-0291,AFY_BATCH_PRODUCTION_20260820_R2,434,'16019,Idaho,Bonneville,135771,DC Electric Inc.,ChIJYwC1tpddVFMRLDokNYwHfe4,,17,60,Idaho Falls,"2683 E 49th N, Idaho Falls, ID 83401",OPERATIONAL,TEXT_SEARCH_PRO_IDENTITY,
BATCH-R2-0292,AFY_BATCH_PRODUCTION_20260820_R2,90,'04003,Arizona,Cochise,126332,Castro Electric,ChIJ6_pqGOgu14YRFLcME8_8FFY,,17,60,Sierra Vista,"72 N 10 Pond Pl, Sierra Vista, AZ 85635",OPERATIONAL,TEXT_SEARCH_PRO_IDENTITY,
BATCH-R2-0293,AFY_BATCH_PRODUCTION_20260820_R2,582,'18059,Indiana,Hancock,90969,Pristine Electric LLC,ChIJQfIRpT0ta4gRwvUnrSB2ui4,,17,60,Greenfield,"6154 N 400 E, Greenfield, IN 46140",OPERATIONAL,TEXT_SEARCH_PRO_IDENTITY,
BATCH-R2-0294,AFY_BATCH_PRODUCTION_20260820_R2,557,'18005,Indiana,Bartholomew,85729,Schmidt Electric LLC,ChIJN_BxKJKW72ARsFGzvIgSatg,,17,46,Edinburgh,"1025 S Walnut St, Edinburgh, IN 46124",OPERATIONAL,TEXT_SEARCH_PRO_IDENTITY,
BATCH-R2-0295,AFY_BATCH_PRODUCTION_20260820_R2,585,'18067,Indiana,Howard,83904,"Peterman Brothers Heating, Cooling, Plumbing, and Electrical",ChIJPR7Kpx6FFIgRkaZSAm5kiCw,,17,28,Kokomo,"1900 S Elizabeth St Suite A, Kokomo, IN 46902",OPERATIONAL,TEXT_SEARCH_PRO_IDENTITY,
BATCH-R2-0296,AFY_BATCH_PRODUCTION_20260820_R2,603,'18109,Indiana,Morgan,74967,WN Electrical Services,ChIJ-VN6UfXrbIgRlWstuxy0-rQ,,17,60,Martinsville,"9210 Arend Rd, Martinsville, IN 46151",OPERATIONAL,TEXT_SEARCH_PRO_IDENTITY,
BATCH-R2-0297,AFY_BATCH_PRODUCTION_20260820_R2,433,'16017,Idaho,Bonner,54420,Steelhead Electric LLC,ChIJDa3eNaBsF08R43E5Ug_x1QQ,,17,60,Sandpoint,"319 Aviator Ave, Sandpoint, ID 83864",OPERATIONAL,TEXT_SEARCH_PRO_IDENTITY,
BATCH-R2-0298,AFY_BATCH_PRODUCTION_20260820_R2,571,'18033,Indiana,DeKalb,44535,Marks Electric Inc,ChIJO0h6XQobFogRO7qjEUz77nw,,17,60,Auburn,"810 Columbine Ct, Auburn, IN 46706",OPERATIONAL,TEXT_SEARCH_PRO_IDENTITY,
BATCH-R2-0299,AFY_BATCH_PRODUCTION_20260820_R2,457,'16069,Idaho,Nez Perce,42905,4J Electric DBA Engel Electric,ChIJ0473AWs1oFQRni7BjoFJYww,,17,60,Lewiston,"520 28th St N, Lewiston, ID 83501",OPERATIONAL,TEXT_SEARCH_PRO_IDENTITY,
BATCH-R2-0300,AFY_BATCH_PRODUCTION_20260820_R2,588,'18073,Indiana,Jasper,33894,Greg Schneider Electric,ChIJbwzRFmBEEogRQwJcxzzppjg,,17,60,Remington,"14500 S 380 W, Remington, IN 47977",OPERATIONAL,TEXT_SEARCH_PRO_IDENTITY,
BATCH-R2-0301,AFY_BATCH_PRODUCTION_20260820_R2,570,'18031,Indiana,Decatur,26576,Volk Electric Services,ChIJSZVR8bH7aogRoNtNagTVd9I,,17,52,Greensburg,"1035 N Broadway St, Greensburg, IN 47240",OPERATIONAL,TEXT_SEARCH_PRO_IDENTITY,
BATCH-R2-0302,AFY_BATCH_PRODUCTION_20260820_R2,431,'16013,Idaho,Blaine,25517,Tim's Electric Inc,ChIJhQ7VWUqdqVQRauScyM_Nfv4,,17,60,Ketchum,"125 Northwood Wy # C, Ketchum, ID 83340",OPERATIONAL,TEXT_SEARCH_PRO_IDENTITY,
BATCH-R2-0303,AFY_BATCH_PRODUCTION_20260820_R2,91,'04005,Arizona,Coconino,144368,Darren Lance Electric LLC,ChIJhXj8s7mMLYcRQW0poWYDtkU,,16,60,Flagstaff,"2001 E Huntington Dr Ste B, Flagstaff, AZ 86004",OPERATIONAL,TEXT_SEARCH_PRO_IDENTITY,
BATCH-R2-0304,AFY_BATCH_PRODUCTION_20260820_R2,434,'16019,Idaho,Bonneville,135771,Arco Electric - Idaho Falls Electricians,ChIJQVYXDxdZVFMRtSr94KAmY8U,,16,60,Idaho Falls,"625 W 25th St, Idaho Falls, ID 83402",OPERATIONAL,TEXT_SEARCH_PRO_IDENTITY,
BATCH-R2-0305,AFY_BATCH_PRODUCTION_20260820_R2,595,'18091,Indiana,LaPorte,111294,Residential Electric Inc,ChIJZdntM0cMEYgRu1ZiYqoVkBk,,16,60,La Porte,"533 N 500 W, La Porte, IN 46350",OPERATIONAL,TEXT_SEARCH_PRO_IDENTITY,
BATCH-R2-0306,AFY_BATCH_PRODUCTION_20260820_R2,582,'18059,Indiana,Hancock,90969,K & D Wiring Inc,ChIJqxSbZcs3a4gRiRKF5Nvpk10,,16,60,Greenfield,"69 N 600 W, Greenfield, IN 46140",OPERATIONAL,TEXT_SEARCH_PRO_IDENTITY,
BATCH-R2-0307,AFY_BATCH_PRODUCTION_20260820_R2,585,'18067,Indiana,Howard,83904,TLB Electric LLC,ChIJ9wfAls-FFIgRKonqvg-OFOE,,16,28,Kokomo,"608 E Markland Ave, Kokomo, IN 46901",OPERATIONAL,TEXT_SEARCH_PRO_IDENTITY,
BATCH-R2-0308,AFY_BATCH_PRODUCTION_20260820_R2,457,'16069,Idaho,Nez Perce,42905,Inland Metals Electric LLC,ChIJddjwJMfKoVQRyjQBnlBvj_0,,16,60,Lewiston,"708 Main St, Lewiston, ID 83501",OPERATIONAL,TEXT_SEARCH_PRO_IDENTITY,
BATCH-R2-0309,AFY_BATCH_PRODUCTION_20260820_R2,451,'16057,Idaho,Latah,41842,Source Electric Inc.,ChIJszMflOHzn1QRz4JjN4n4Q8k,,16,60,Potlatch,"1003 Onaway Rd, Potlatch, ID 83855",OPERATIONAL,TEXT_SEARCH_PRO_IDENTITY,
BATCH-R2-0310,AFY_BATCH_PRODUCTION_20260820_R2,602,'18107,Indiana,Montgomery,38954,Keller Electric,ChIJkcq6u43UEogR_ss1FxXulwA,,16,39,Crawfordsville,"3258 W 450 S, Crawfordsville, IN 47933",OPERATIONAL,TEXT_SEARCH_PRO_IDENTITY,
BATCH-R2-0311,AFY_BATCH_PRODUCTION_20260820_R2,592,'18083,Indiana,Knox,35652,Skill Electric,ChIJ08JUVZ3_bYgRsaDozme45EQ,,16,60,Vincennes,"1236 Bayou St, Vincennes, IN 47591",OPERATIONAL,TEXT_SEARCH_PRO_IDENTITY,
BATCH-R2-0312,AFY_BATCH_PRODUCTION_20260820_R2,449,'16051,Idaho,Jefferson,35297,"Modern Plumbing, Heating & Electrical",ChIJ45carcBuVFMRW694MMa9nO4,,16,60,Rigby,"3821 E Indian Crk Lp Ste 2, Rigby, ID 83442",OPERATIONAL,TEXT_SEARCH_PRO_IDENTITY,
BATCH-R2-0313,AFY_BATCH_PRODUCTION_20260820_R2,570,'18031,Indiana,Decatur,26576,Miller Electrical Services,ChIJUa3bibb-aogR1UPflm-HEjE,,16,52,Greensburg,"2378 W Co Rd 250 S, Greensburg, IN 47240",OPERATIONAL,TEXT_SEARCH_PRO_IDENTITY,
BATCH-R2-0314,AFY_BATCH_PRODUCTION_20260820_R2,91,'04005,Arizona,Coconino,144368,CHANCE & SONS ELECTRIC INC.,ChIJg9StWXaKLYcRtfppfanqaPU,,15,60,Flagstaff,"5470 E Commerce Ave, Flagstaff, AZ 86004",OPERATIONAL,TEXT_SEARCH_PRO_IDENTITY,
BATCH-R2-0315,AFY_BATCH_PRODUCTION_20260820_R2,601,'18105,Indiana,Monroe,143345,"Electric Plus, Inc. - Bloomington",ChIJ7UCZ92BobIgRnx86wwUWbfM,,15,60,Bloomington,"1030 W 17th St SUITE B, Bloomington, IN 47404",OPERATIONAL,TEXT_SEARCH_PRO_IDENTITY,
BATCH-R2-0316,AFY_BATCH_PRODUCTION_20260820_R2,564,'18019,Indiana,Clark,130451,Abtech Electrical Services,ChIJhfA87hlyaYgROMYIuta8RAU,,15,60,Sellersburg,"4016 Coopers Ln, Sellersburg, IN 47172",OPERATIONAL,TEXT_SEARCH_PRO_IDENTITY,
BATCH-R2-0317,AFY_BATCH_PRODUCTION_20260820_R2,90,'04003,Arizona,Cochise,126332,Able Electric,ChIJAQAMX6Mp14YR5k1TH1Pebtc,,15,60,Sierra Vista,"548 Suffolk Dr, Sierra Vista, AZ 85635",OPERATIONAL,TEXT_SEARCH_PRO_IDENTITY,
BATCH-R2-0318,AFY_BATCH_PRODUCTION_20260820_R2,595,'18091,Indiana,LaPorte,111294,G D Richardson Electric,ChIJTQWnx04SEYgRynYkshZQWUQ,,15,60,La Porte,"710 Plain St, La Porte, IN 46350",OPERATIONAL,TEXT_SEARCH_PRO_IDENTITY,
BATCH-R2-0319,AFY_BATCH_PRODUCTION_20260820_R2,464,'16083,Idaho,Twin Falls,97539,Jlj Co & Electrical Contractor,ChIJg0rdgkC9rFQR0cSRpLGZnjI,,15,60,Twin Falls,"3608 Mt Olympus Way, Twin Falls, ID 83301",OPERATIONAL,TEXT_SEARCH_PRO_IDENTITY,
BATCH-R2-0320,AFY_BATCH_PRODUCTION_20260820_R2,557,'18005,Indiana,Bartholomew,85729,Thomas Electric Inc,ChIJBTOgViyga4gR0wX4Bl_gFG0,,15,46,Columbus,"1236 Jackson St, Columbus, IN 47201",OPERATIONAL,TEXT_SEARCH_PRO_IDENTITY,
BATCH-R2-0321,AFY_BATCH_PRODUCTION_20260820_R2,585,'18067,Indiana,Howard,83904,Huston Electric Kokomo,ChIJtSUIKw6GFIgRKMF1qvgWdBY,,15,28,Kokomo,"1915 E North St, Kokomo, IN 46901",OPERATIONAL,TEXT_SEARCH_PRO_IDENTITY,
BATCH-R2-0322,AFY_BATCH_PRODUCTION_20260820_R2,593,'18085,Indiana,Kosciusko,80892,"Fozo Electric, LLC",ChIJw9DyvLwnFIgRZmuS30BXh1g,,15,60,Warsaw,"2841 S 275 E, Warsaw, IN 46580",OPERATIONAL,TEXT_SEARCH_PRO_IDENTITY,
BATCH-R2-0323,AFY_BATCH_PRODUCTION_20260820_R2,455,'16065,Idaho,Madison,55172,Leishman Electric Inc,ChIJeZXI9vsKVFMRYK3ydnqXidk,,15,60,Rexburg,"442 S 4th E, Rexburg, ID 83440",OPERATIONAL,TEXT_SEARCH_PRO_IDENTITY,
BATCH-R2-0324,AFY_BATCH_PRODUCTION_20260820_R2,433,'16017,Idaho,Bonner,54420,Herrin Electric,ChIJZfy2LXP0vWURgNXnO-c581s,,15,60,Priest Lake,"157 Ryan Rd, Priest Lake, ID 83856",OPERATIONAL,TEXT_SEARCH_PRO_IDENTITY,
BATCH-R2-0325,AFY_BATCH_PRODUCTION_20260820_R2,92,'04007,Arizona,Gila,53801,Mountain Eagle Electric,ChIJpxrM_7_024ARHd7fr2U__l8,,15,60,Payson,"100 W Frontier St #2192, Payson, AZ 85547",OPERATIONAL,TEXT_SEARCH_PRO_IDENTITY,
BATCH-R2-0326,AFY_BATCH_PRODUCTION_20260820_R2,457,'16069,Idaho,Nez Perce,42905,J C Electric & Solar,ChIJ1x6trwy1oVQRuS468pRLIeo,,15,60,Lewiston,"3312 8th St, Lewiston, ID 83501",OPERATIONAL,TEXT_SEARCH_PRO_IDENTITY,
BATCH-R2-0327,AFY_BATCH_PRODUCTION_20260820_R2,93,'04009,Arizona,Graham,40157,Advanced Air Systems,ChIJEwNlsL_814YR5dbV5kegpZA,,15,39,Thatcher,"2250 US-70, Thatcher, AZ 85552",OPERATIONAL,TEXT_SEARCH_PRO_IDENTITY,
BATCH-R2-0328,AFY_BATCH_PRODUCTION_20260820_R2,591,'18079,Indiana,Jennings,27622,"Control Imagineering, Inc.",ChIJwUVZKPKxa4gRtsawWokI-Ps,,15,57,North Vernon,"5100 State Hwy 7, North Vernon, IN 47265",OPERATIONAL,TEXT_SEARCH_PRO_IDENTITY,
BATCH-R2-0329,AFY_BATCH_PRODUCTION_20260820_R2,450,'16053,Idaho,Jerome,26362,Peterson's Reliable Electric,ChIJ808QhzairFQRaynrh-eTdhY,,15,60,Jerome,"801 E Ave B, Jerome, ID 83338",OPERATIONAL,TEXT_SEARCH_PRO_IDENTITY,
BATCH-R2-0330,AFY_BATCH_PRODUCTION_20260820_R2,90,'04003,Arizona,Cochise,126332,"Jim's Electric Services, LLC",ChIJ3eQ_rN610IYR3D4gsmp7UCI,,14,60,Bisbee,"1118 S Naco Hwy, Bisbee, AZ 85603",OPERATIONAL,TEXT_SEARCH_PRO_IDENTITY,
BATCH-R2-0331,AFY_BATCH_PRODUCTION_20260820_R2,464,'16083,Idaho,Twin Falls,97539,Heider Electric,ChIJlZVY2YmirFQR7cwLTceW6YU,,14,60,Twin Falls,"351 5th Ave W, Twin Falls, ID 83301",OPERATIONAL,TEXT_SEARCH_PRO_IDENTITY,
BATCH-R2-0332,AFY_BATCH_PRODUCTION_20260820_R2,575,'18043,Indiana,Floyd,82153,Kiesler Electric LLC,ChIJLzlfIH9EaYgR9UVBatU3nd0,,14,60,Greenville,"7125 Kiesler Rd, Greenville, IN 47124",OPERATIONAL,TEXT_SEARCH_PRO_IDENTITY,
BATCH-R2-0333,AFY_BATCH_PRODUCTION_20260820_R2,593,'18085,Indiana,Kosciusko,80892,Amzie's Electric Inc.,ChIJ22PP3A6kFogRg35DeqSAl4Y,,14,60,Nappanee,"8131 W 1350 N, Nappanee, IN 46550",OPERATIONAL,TEXT_SEARCH_PRO_IDENTITY,
BATCH-R2-0334,AFY_BATCH_PRODUCTION_20260820_R2,449,'16051,Idaho,Jefferson,35297,Synergy Electric Solutions,ChIJAx8Wg7FvVFMRoF3ukgpdeKg,,14,60,Rigby,"1 N Landmark Ln, Rigby, ID 83442",OPERATIONAL,TEXT_SEARCH_PRO_IDENTITY,
BATCH-R2-0335,AFY_BATCH_PRODUCTION_20260820_R2,450,'16053,Idaho,Jerome,26362,Johnson's Electric LLC,ChIJrQvJqUJbq1QRtFf9XvNs6eU,,14,60,Hazelton,"205 Main St, Hazelton, ID 83335",OPERATIONAL,TEXT_SEARCH_PRO_IDENTITY,
BATCH-R2-0336,AFY_BATCH_PRODUCTION_20260820_R2,577,'18047,Indiana,Franklin,23286,E & J Electric LLC,ChIJwZEKCuCbaogRsMJ2JaPscg8,,14,34,Brookville,"13097 Roemer Rd, Brookville, IN 47012",OPERATIONAL,TEXT_SEARCH_PRO_IDENTITY,
BATCH-R2-0337,AFY_BATCH_PRODUCTION_20260820_R2,91,'04005,Arizona,Coconino,144368,Goodman Electric,ChIJUX0iD8KLLYcRsWcezmSHF9s,,13,60,Flagstaff,"5310 E Northgate Loop A, Flagstaff, AZ 86004",OPERATIONAL,TEXT_SEARCH_PRO_IDENTITY,
BATCH-R2-0338,AFY_BATCH_PRODUCTION_20260820_R2,434,'16019,Idaho,Bonneville,135771,Sunlight Electric,ChIJGzkvHdOA3WsRFlArma_QWCA,,13,60,Idaho Falls,"1710 Piper St Ste P, Idaho Falls, ID 83401",OPERATIONAL,TEXT_SEARCH_PRO_IDENTITY,
BATCH-R2-0339,AFY_BATCH_PRODUCTION_20260820_R2,595,'18091,Indiana,LaPorte,111294,Stephani Electric Inc,ChIJLefv1LMNEYgRjjgy7plY89E,,13,60,La Porte,"108 N 400 W, La Porte, IN 46350",OPERATIONAL,TEXT_SEARCH_PRO_IDENTITY,
BATCH-R2-0340,AFY_BATCH_PRODUCTION_20260820_R2,464,'16083,Idaho,Twin Falls,97539,Petruzzelli Electric,ChIJF7vX9mShrFQRbAsyxPAWxBw,,13,60,Twin Falls,"425 2nd Ave S, Twin Falls, ID 83301",OPERATIONAL,TEXT_SEARCH_PRO_IDENTITY,
BATCH-R2-0341,AFY_BATCH_PRODUCTION_20260820_R2,593,'18085,Indiana,Kosciusko,80892,Dennie Electric Co,ChIJN31hnXqeFogR10CKhJcwjq8,,13,60,Warsaw,"212 S Buffalo St, Warsaw, IN 46580",OPERATIONAL,TEXT_SEARCH_PRO_IDENTITY,
BATCH-R2-0342,AFY_BATCH_PRODUCTION_20260820_R2,560,'18011,Indiana,Boone,80689,"Adams Electric, Inc.",ChIJf45UhhZEE4gRrdYiQQoudM4,,13,60,Lebanon,"8040 IN-39, Lebanon, IN 46052",OPERATIONAL,TEXT_SEARCH_PRO_IDENTITY,
BATCH-R2-0343,AFY_BATCH_PRODUCTION_20260820_R2,433,'16017,Idaho,Bonner,54420,Priest River Electric,ChIJu37vcTYS5osRyDebnAJQbN4,,13,60,Priest River,"449 Jones Ave, Priest River, ID 83856",OPERATIONAL,TEXT_SEARCH_PRO_IDENTITY,
BATCH-R2-0344,AFY_BATCH_PRODUCTION_20260820_R2,430,'16011,Idaho,Bingham,51153,"Traveling Brothers Electric, Inc.",ChIJ8UD2efUPVVMRpxvnJz7h4Ak,,13,60,Blackfoot,"125 N 755 W, Blackfoot, ID 83221",OPERATIONAL,TEXT_SEARCH_PRO_IDENTITY,
BATCH-R2-0345,AFY_BATCH_PRODUCTION_20260820_R2,587,'18071,Indiana,Jackson,47370,Watts Up Electrical,ChIJ3wAuci2_a4gRTO_etAIGXqU,,13,60,Seymour,"1594 N Ewing St, Seymour, IN 47274",OPERATIONAL,TEXT_SEARCH_PRO_IDENTITY,
BATCH-R2-0346,AFY_BATCH_PRODUCTION_20260820_R2,457,'16069,Idaho,Nez Perce,42905,Well Connected Electric,ChIJa1UgTUbLoVQR2lPWiXGWg54,,13,60,Lewiston,"227 Snake River Ave, Lewiston, ID 83501",OPERATIONAL,TEXT_SEARCH_PRO_IDENTITY,
BATCH-R2-0347,AFY_BATCH_PRODUCTION_20260820_R2,602,'18107,Indiana,Montgomery,38954,"Riggen Mechanical Solutions HVAC, Plumbing, & Refrigeration",ChIJ4WxDAyDWEogRAPHis1PQqyY,,13,39,Crawfordsville,"201 W Market St, Crawfordsville, IN 47933",OPERATIONAL,TEXT_SEARCH_PRO_IDENTITY,
BATCH-R2-0348,AFY_BATCH_PRODUCTION_20260820_R2,579,'18051,Indiana,Gibson,33091,Angermeier Electric,ChIJPeeDLNzccYgRgki9rmzRjpY,,13,60,Fort Branch,"108 W Locust St, Fort Branch, IN 47648",OPERATIONAL,TEXT_SEARCH_PRO_IDENTITY,
BATCH-R2-0349,AFY_BATCH_PRODUCTION_20260820_R2,591,'18079,Indiana,Jennings,27622,"BABCO ELECTRICAL SERVICES, LLC.",ChIJt6nq0pjHa4gRvKWXWxuVa5A,,13,57,Paris Crossing,"7685 S County Rd 925 W, Paris Crossing, IN 47270",OPERATIONAL,TEXT_SEARCH_PRO_IDENTITY,
BATCH-R2-0350,AFY_BATCH_PRODUCTION_20260820_R2,601,'18105,Indiana,Monroe,143345,Steady State,ChIJ858UBNss8ykRAQ0bDTtkPRc,,12,60,Bloomington,"800 S College Ave, Bloomington, IN 47403",OPERATIONAL,TEXT_SEARCH_PRO_IDENTITY,
BATCH-R2-0351,AFY_BATCH_PRODUCTION_20260820_R2,597,'18095,Indiana,Madison,135088,West Electric Inc,ChIJiZ5292fXFIgRq8fT_lE0DFM,,12,60,Anderson,"1320 E 60th St, Anderson, IN 46013",OPERATIONAL,TEXT_SEARCH_PRO_IDENTITY,
BATCH-R2-0352,AFY_BATCH_PRODUCTION_20260820_R2,90,'04003,Arizona,Cochise,126332,Antelope Run Electric,ChIJuXszGK0r14YRNhVUMbnugtU,,12,60,Sierra Vista,"4104 E Cooper St # B, Sierra Vista, AZ 85650",OPERATIONAL,TEXT_SEARCH_PRO_IDENTITY,
BATCH-R2-0353,AFY_BATCH_PRODUCTION_20260820_R2,96,'04017,Arizona,Navajo,109946,"Adams Electric, LLC",ChIJ8wFpu7q3KIcRalVYyfAyYOA,,12,60,Pinetop-Lakeside,"2264 Poplar Dr, Pinetop, AZ 85935",OPERATIONAL,TEXT_SEARCH_PRO_IDENTITY,
BATCH-R2-0354,AFY_BATCH_PRODUCTION_20260820_R2,464,'16083,Idaho,Twin Falls,97539,Complete Electric,ChIJBYMJNoSjrFQRfPhMCRzlTjM,,12,60,Twin Falls,"1770 Eldridge Ave, Twin Falls, ID 83301",OPERATIONAL,TEXT_SEARCH_PRO_IDENTITY,
BATCH-R2-0355,AFY_BATCH_PRODUCTION_20260820_R2,427,'16005,Idaho,Bannock,91591,Elite Electrical Solutions - Pocatello Electrician,ChIJ28EWhaiZ9AoRZwwr0gN0XXY,,12,60,Pocatello,"8723 N Kraft Rd, Pocatello, ID 83204",OPERATIONAL,TEXT_SEARCH_PRO_IDENTITY,
BATCH-R2-0356,AFY_BATCH_PRODUCTION_20260820_R2,582,'18059,Indiana,Hancock,90969,M H Electrical Services LLC,ChIJ3U_REcIwa4gRcs7punhDT8I,,12,60,Greenfield,"1218 S 150W, Greenfield, IN 46140",OPERATIONAL,TEXT_SEARCH_PRO_IDENTITY,
BATCH-R2-0357,AFY_BATCH_PRODUCTION_20260820_R2,593,'18085,Indiana,Kosciusko,80892,Nunez Electric LLC,ChIJ__-brP-cFogRyn3pXxdYgJc,,12,60,Warsaw,"1942 E Timberline Cir S, Warsaw, IN 46582",OPERATIONAL,TEXT_SEARCH_PRO_IDENTITY,
BATCH-R2-0358,AFY_BATCH_PRODUCTION_20260820_R2,573,'18037,Indiana,Dubois,44016,"Weyer Electric, Inc.",ChIJa3fTIWr1bogRkZA5ocDLarM,,12,60,Ferdinand,"453 W 9th St, Ferdinand, IN 47532",OPERATIONAL,TEXT_SEARCH_PRO_IDENTITY,
BATCH-R2-0359,AFY_BATCH_PRODUCTION_20260820_R2,457,'16069,Idaho,Nez Perce,42905,Blue Mountain Electric Inc,ChIJsf08XSZLoFQRRhFFC4D0mrU,,12,60,Lewiston,"3611 15th St, Lewiston, ID 83501",OPERATIONAL,TEXT_SEARCH_PRO_IDENTITY,
BATCH-R2-0360,AFY_BATCH_PRODUCTION_20260820_R2,450,'16053,Idaho,Jerome,26362,Ace Electric,ChIJffLB9FZ9q1QRphVxZ8UpKiQ,,12,60,Jerome,"241 N 200 E, Jerome, ID 83338",OPERATIONAL,TEXT_SEARCH_PRO_IDENTITY,
BATCH-R2-0361,AFY_BATCH_PRODUCTION_20260820_R2,601,'18105,Indiana,Monroe,143345,Affordable Electric Service Llc,ChIJ__8P2UNdbIgR_CHq63tOz1M,,11,60,Bloomington,"6240 Ison Rd, Bloomington, IN 47403",OPERATIONAL,TEXT_SEARCH_PRO_IDENTITY,
BATCH-R2-0362,AFY_BATCH_PRODUCTION_20260820_R2,90,'04003,Arizona,Cochise,126332,Sierra Vista Electric,ChIJmR92Vz8p14YRsaQ5Ehx6HXk,,11,60,Sierra Vista,"1601 Paseo San Luis #104, Sierra Vista, AZ 85635",OPERATIONAL,TEXT_SEARCH_PRO_IDENTITY,
BATCH-R2-0363,AFY_BATCH_PRODUCTION_20260820_R2,464,'16083,Idaho,Twin Falls,97539,"Electric One West, Inc.",ChIJ-b0m3AWjrFQRSYqqIoteM0w,,11,60,Twin Falls,"268 Victory Ave, Twin Falls, ID 83301",OPERATIONAL,TEXT_SEARCH_PRO_IDENTITY,
BATCH-R2-0364,AFY_BATCH_PRODUCTION_20260820_R2,557,'18005,Indiana,Bartholomew,85729,Cooper Electric,ChIJK8m2HIqfa4gRWlI5x27dV00,,11,46,Columbus,"3345 Commerce Dr, Columbus, IN 47201",OPERATIONAL,TEXT_SEARCH_PRO_IDENTITY,
BATCH-R2-0365,AFY_BATCH_PRODUCTION_20260820_R2,585,'18067,Indiana,Howard,83904,Gil & Sons Electricians,ChIJ8fTuYSqEFIgRLtYGPyZS7Is,,11,28,Kokomo,"525 W Mulberry St, Kokomo, IN 46901",OPERATIONAL,TEXT_SEARCH_PRO_IDENTITY,
BATCH-R2-0366,AFY_BATCH_PRODUCTION_20260820_R2,575,'18043,Indiana,Floyd,82153,Norton Electric,ChIJTyDizuMTg4ARsRRhKEUB9bI,,11,60,Georgetown,"7802 John Pectol Rd, Georgetown, IN 47122",OPERATIONAL,TEXT_SEARCH_PRO_IDENTITY,
BATCH-R2-0367,AFY_BATCH_PRODUCTION_20260820_R2,92,'04007,Arizona,Gila,53801,Layton Electric,ChIJ6RED5KmFt40Rpo8YyEp9gAM,,11,60,Payson,"359 Canyon Dr, Payson, AZ 85541",OPERATIONAL,TEXT_SEARCH_PRO_IDENTITY,
BATCH-R2-0368,AFY_BATCH_PRODUCTION_20260820_R2,93,'04009,Arizona,Graham,40157,Gila Electric,ChIJEyms_yvj14YRacQms2PyC3I,,11,39,Safford,"1815 W 14th Dr, Safford, AZ 85546",OPERATIONAL,TEXT_SEARCH_PRO_IDENTITY,
BATCH-R2-0369,AFY_BATCH_PRODUCTION_20260820_R2,568,'18027,Indiana,Daviess,34209,Sims Electric and Sound LLC,ChIJl4lm8wLfbYgRuJjzm7LpQIQ,,11,60,Washington,"2872 W Old U.s. 50, Washington, IN 47501",OPERATIONAL,TEXT_SEARCH_PRO_IDENTITY,
BATCH-R2-0370,AFY_BATCH_PRODUCTION_20260820_R2,439,'16031,Idaho,Cassia,26397,Larry's Electric & Heating Inc.,ChIJwbfVRHE2q1QRS3CEWW8b-7c,,11,53,Burley,"1133 Albion Ave, Burley, ID 83318",OPERATIONAL,TEXT_SEARCH_PRO_IDENTITY,
BATCH-R2-0371,AFY_BATCH_PRODUCTION_20260820_R2,601,'18105,Indiana,Monroe,143345,Homeowner Service,ChIJF6QYycdgbIgRQsPzz3q9xYQ,,10,60,Bloomington,"3104 N Norwest Woods Ln #9281, Bloomington, IN 47404",OPERATIONAL,TEXT_SEARCH_PRO_IDENTITY,
BATCH-R2-0372,AFY_BATCH_PRODUCTION_20260820_R2,90,'04003,Arizona,Cochise,126332,Tim's Electric LLC,ChIJ7XVMs-Vt14YRS8tq2rwWAY8,,10,60,Cochise,"402 E Papago Way, Cochise, AZ 85606",OPERATIONAL,TEXT_SEARCH_PRO_IDENTITY,
BATCH-R2-0373,AFY_BATCH_PRODUCTION_20260820_R2,427,'16005,Idaho,Bannock,91591,Larsen Electric,ChIJYQW3TyBGVVMReKqlHdr7pvY,,10,60,Chubbuck,"250 Laurel Ln, Chubbuck, ID 83202",OPERATIONAL,TEXT_SEARCH_PRO_IDENTITY,
BATCH-R2-0374,AFY_BATCH_PRODUCTION_20260820_R2,580,'18053,Indiana,Grant,66524,Everett Electric,ChIJgYISYij9FIgR2FGWNinkkmg,,10,60,Fairmount,"1740 E 1050 S, Fairmount, IN 46928",OPERATIONAL,TEXT_SEARCH_PRO_IDENTITY,
BATCH-R2-0375,AFY_BATCH_PRODUCTION_20260820_R2,433,'16017,Idaho,Bonner,54420,CLAWSON ELECTRIC LLC,ChIJS-FDibzWY1MR-vhw-HTnY64,,10,60,Sandpoint,"1102 Ontario St, Sandpoint, ID 83864",OPERATIONAL,TEXT_SEARCH_PRO_IDENTITY,
BATCH-R2-0376,AFY_BATCH_PRODUCTION_20260820_R2,457,'16069,Idaho,Nez Perce,42905,"Valley Electric, Inc.",ChIJ14kWXTJLoFQRQd3sJIRyL2A,,10,60,Lewiston,"930 31st St N, Lewiston, ID 83501",OPERATIONAL,TEXT_SEARCH_PRO_IDENTITY,
BATCH-R2-0377,AFY_BATCH_PRODUCTION_20260820_R2,600,'18103,Indiana,Miami,34487,Livingston Electric,ChIJoSm2ZWPcBScR0_q183oSBKI,,10,60,Peru,"580 E Main St, Peru, IN 46970",OPERATIONAL,TEXT_SEARCH_PRO_IDENTITY,
BATCH-R2-0378,AFY_BATCH_PRODUCTION_20260820_R2,568,'18027,Indiana,Daviess,34209,B & D Electric Inc,ChIJF08-5QDfbYgRKw1-qa1aLn4,,10,60,Washington,"413 W Van Trees St, Washington, IN 47501",OPERATIONAL,TEXT_SEARCH_PRO_IDENTITY,
BATCH-R2-0379,AFY_BATCH_PRODUCTION_20260820_R2,460,'16075,Idaho,Payette,27824,Fruitland Electric,ChIJx1l07B2Qr1QRYVi6AeSyJBM,,10,60,Fruitland,"4607 Berts Ln, Fruitland, ID 83619",OPERATIONAL,TEXT_SEARCH_PRO_IDENTITY,
BATCH-R2-0380,AFY_BATCH_PRODUCTION_20260820_R2,431,'16013,Idaho,Blaine,25517,"Buffalo Electric, Inc.",ChIJw-UCL0XUq1QRP66moPL9Ezc,,10,60,Hailey,"40 Aero Ln, Hailey, ID 83333",OPERATIONAL,TEXT_SEARCH_PRO_IDENTITY,
BATCH-R2-0381,AFY_BATCH_PRODUCTION_20260820_R2,601,'18105,Indiana,Monroe,143345,Price Electric Inc.,ChIJq6o2GfRmbIgRCFNi_FwayQI,,9,60,Bloomington,"724 E Thornton Dr, Bloomington, IN 47401",OPERATIONAL,TEXT_SEARCH_PRO_IDENTITY,
BATCH-R2-0382,AFY_BATCH_PRODUCTION_20260820_R2,564,'18019,Indiana,Clark,130451,Get Wired Electric LLC | Electrician | Southern Indiana,ChIJ4T0WE-lxaYgR2ChDX_LdWyI,,9,60,Sellersburg,"1225 Bringham Dr, Sellersburg, IN 47172",OPERATIONAL,TEXT_SEARCH_PRO_IDENTITY,
BATCH-R2-0383,AFY_BATCH_PRODUCTION_20260820_R2,90,'04003,Arizona,Cochise,126332,Tristan Scudder Electrical Services,ChIJD6c-M5sp14YRXdeN19stdL0,,9,60,Sierra Vista,"5154 Camino Del Norte, Sierra Vista, AZ 85635",OPERATIONAL,TEXT_SEARCH_PRO_IDENTITY,
BATCH-R2-0384,AFY_BATCH_PRODUCTION_20260820_R2,572,'18035,Indiana,Delaware,113106,Sidney Electric Company,ChIJae92WtkVFYgRBMpyANYoYy4,,9,57,Muncie,"3100 E County Rd 350 N, Muncie, IN 47303",OPERATIONAL,TEXT_SEARCH_PRO_IDENTITY,
BATCH-R2-0385,AFY_BATCH_PRODUCTION_20260820_R2,595,'18091,Indiana,LaPorte,111294,Paul L Kroll Electrical Contractor,ChIJ2YdzdgYTEYgR1qneFWcFCdM,,9,60,La Porte,"55 S 250 E, La Porte, IN 46350",OPERATIONAL,TEXT_SEARCH_PRO_IDENTITY,
BATCH-R2-0386,AFY_BATCH_PRODUCTION_20260820_R2,96,'04017,Arizona,Navajo,109946,Keith Pember Electric LLC,ChIJ_____-skL4cRfi1hnMmUHfA,,9,60,Taylor,"750 South Taylor Farms Dr, Taylor, AZ 85939",OPERATIONAL,TEXT_SEARCH_PRO_IDENTITY,
BATCH-R2-0387,AFY_BATCH_PRODUCTION_20260820_R2,464,'16083,Idaho,Twin Falls,97539,"Magic Electric, Plumbing, Heating + Air",ChIJ3UhyTMKjrFQRqvCcfZ28bfU,,9,60,Twin Falls,"1411 Falls Ave E Unit 209 Suite A, Twin Falls, ID 83301",OPERATIONAL,TEXT_SEARCH_PRO_IDENTITY,
BATCH-R2-0388,AFY_BATCH_PRODUCTION_20260820_R2,582,'18059,Indiana,Hancock,90969,Saters Electric,ChIJOzPu8tI5a4gRwsZfc9ysaxs,,9,60,New Palestine,"5048 W U.S. 52, New Palestine, IN 46163",OPERATIONAL,TEXT_SEARCH_PRO_IDENTITY,
BATCH-R2-0389,AFY_BATCH_PRODUCTION_20260820_R2,569,'18029,Indiana,Dearborn,51609,Griffis Electric & Home Services,ChIJ2ZnDP117aogRPy5NSJLWsm4,,9,60,Moores Hill,"13550 IN-350, Moores Hill, IN 47032",OPERATIONAL,TEXT_SEARCH_PRO_IDENTITY,
BATCH-R2-0390,AFY_BATCH_PRODUCTION_20260820_R2,430,'16011,Idaho,Bingham,51153,"Blane Robbins Electric, Inc.",ChIJJzWaFoEPVVMRlpyOhbgnZpA,,9,60,Blackfoot,"431 W 100 Rd N, Blackfoot, ID 83221",OPERATIONAL,TEXT_SEARCH_PRO_IDENTITY,
BATCH-R2-0391,AFY_BATCH_PRODUCTION_20260820_R2,602,'18107,Indiana,Montgomery,38954,"Hobson Electric, Inc",ChIJtUOPRd4pE4gR1nefdCerYoU,,9,39,Crawfordsville,"200 E Spring St, Crawfordsville, IN 47933",OPERATIONAL,TEXT_SEARCH_PRO_IDENTITY,
BATCH-R2-0392,AFY_BATCH_PRODUCTION_20260820_R2,591,'18079,Indiana,Jennings,27622,"Watts Electric, Inc.",ChIJYa2lntaxa4gRbHmIIwkYa-k,,9,57,North Vernon,"5100 N, 5100 State Hwy 7, North Vernon, IN 47265",OPERATIONAL,TEXT_SEARCH_PRO_IDENTITY,
BATCH-R2-0393,AFY_BATCH_PRODUCTION_20260820_R2,91,'04005,Arizona,Coconino,144368,Nitro Electric,ChIJzdxozYePLYcR-KzgHqscOVg,,8,60,Flagstaff,"6612 Kelsey Springs Way, Flagstaff, AZ 86001",OPERATIONAL,TEXT_SEARCH_PRO_IDENTITY,
BATCH-R2-0394,AFY_BATCH_PRODUCTION_20260820_R2,601,'18105,Indiana,Monroe,143345,"Chapman Heating, Air Conditioning, Plumbing, and Electrical",ChIJWeNR4vlhbIgRpWknONlzvW8,,8,60,Bloomington,"3141 N Westbury Village Dr Building C, Bloomington, IN 47404",OPERATIONAL,TEXT_SEARCH_PRO_IDENTITY,
BATCH-R2-0395,AFY_BATCH_PRODUCTION_20260820_R2,572,'18035,Indiana,Delaware,113106,Titan Electric Company LLC,ChIJVVUVmHU-FYgRksyeKrpaf6A,,8,57,Muncie,"2817 E Jackson St, Muncie, IN 47303",OPERATIONAL,TEXT_SEARCH_PRO_IDENTITY,
BATCH-R2-0396,AFY_BATCH_PRODUCTION_20260820_R2,595,'18091,Indiana,LaPorte,111294,"MB Electric, Inc.",ChIJd7v01TYVEYgRhE-ZkXs3MvU,,8,60,La Porte,"3744 State Rd 104, La Porte, IN 46350",OPERATIONAL,TEXT_SEARCH_PRO_IDENTITY,
BATCH-R2-0397,AFY_BATCH_PRODUCTION_20260820_R2,557,'18005,Indiana,Bartholomew,85729,K-Volt Electric,ChIJzTosz1HCv0ER5mM7N9fEkyc,,8,46,Columbus,"1441 Central Ave, Columbus, IN 47201",OPERATIONAL,TEXT_SEARCH_PRO_IDENTITY,
BATCH-R2-0398,AFY_BATCH_PRODUCTION_20260820_R2,92,'04007,Arizona,Gila,53801,Sparky and Son’s Electric (Jedd Ambrosini),ChIJ4SFpmPMRLIcR5N518SENPC0,,8,60,Payson,"500 N Tyler Pkwy, Payson, AZ 85541",OPERATIONAL,TEXT_SEARCH_PRO_IDENTITY,
BATCH-R2-0399,AFY_BATCH_PRODUCTION_20260820_R2,569,'18029,Indiana,Dearborn,51609,Whiskey City Electric,ChIJhUhDTrDTrY8RAESJT5BSUPc,,8,60,Lawrenceburg,"684 Bielby Rd, Lawrenceburg, IN 47025",OPERATIONAL,TEXT_SEARCH_PRO_IDENTITY,
BATCH-R2-0400,AFY_BATCH_PRODUCTION_20260820_R2,601,'18105,Indiana,Monroe,143345,Woods Electrical Contractors,ChIJo7PuCstebIgR_MqHcHC72Vk,,7,60,Bloomington,"4180 N Starnes Rd, Bloomington, IN 47404",OPERATIONAL,TEXT_SEARCH_PRO_IDENTITY,
BATCH-R2-0401,AFY_BATCH_PRODUCTION_20260820_R2,434,'16019,Idaho,Bonneville,135771,"Cutting Edge Electric, Inc.",ChIJCblrf21ZVFMR4rUUMn58xcM,,7,60,Idaho Falls,"803 E Iona Rd, Idaho Falls, ID 83401",OPERATIONAL,TEXT_SEARCH_PRO_IDENTITY,
BATCH-R2-0402,AFY_BATCH_PRODUCTION_20260820_R2,455,'16065,Idaho,Madison,55172,Golden West Electric,ChIJ3eFk6JV1MqER01VYcOKTsDA,,7,60,Rexburg,"2256 S Yellowstone Hwy, Rexburg, ID 83440",OPERATIONAL,TEXT_SEARCH_PRO_IDENTITY,
BATCH-R2-0403,AFY_BATCH_PRODUCTION_20260820_R2,433,'16017,Idaho,Bonner,54420,B & H Electric,ChIJB4Q2-bpqWIgR5jCDyUFoLRY,,7,60,Careywood,"Barnhart Rd, Careywood, ID 83809",OPERATIONAL,TEXT_SEARCH_PRO_IDENTITY,
BATCH-R2-0404,AFY_BATCH_PRODUCTION_20260820_R2,430,'16011,Idaho,Bingham,51153,Industrial Electrical Service,ChIJSRNAW281XqARbIGie2ygMgI,,7,60,Blackfoot,"574 ID-39, Blackfoot, ID 83221",OPERATIONAL,TEXT_SEARCH_PRO_IDENTITY,
BATCH-R2-0405,AFY_BATCH_PRODUCTION_20260820_R2,587,'18071,Indiana,Jackson,47370,GC Electric,ChIJERbc-1C_a4gRsRzGAC5BwEg,,7,60,Seymour,"104 E 2nd St, Seymour, IN 47274",OPERATIONAL,TEXT_SEARCH_PRO_IDENTITY,
BATCH-R2-0406,AFY_BATCH_PRODUCTION_20260820_R2,451,'16057,Idaho,Latah,41842,Omega Electric,ChIJEez12CWHn1QRL4XXkXAYRDU,,7,60,Moscow,"1303 S Logan St, Moscow, ID 83843",OPERATIONAL,TEXT_SEARCH_PRO_IDENTITY,
BATCH-R2-0407,AFY_BATCH_PRODUCTION_20260820_R2,439,'16031,Idaho,Cassia,26397,Mtn Ops Electric,ChIJVzNNTQA3q1QReymD0qDFDTg,,7,53,Burley,"909s 170e, Burley, ID 83318",OPERATIONAL,TEXT_SEARCH_PRO_IDENTITY,
BATCH-R2-0408,AFY_BATCH_PRODUCTION_20260820_R2,450,'16053,Idaho,Jerome,26362,Freedom Electric Inc.,ChIJI-mx0nKdrFQR1kNCiOv9A9A,,7,60,Jerome,"9 S 200 E, Jerome, ID 83338",OPERATIONAL,TEXT_SEARCH_PRO_IDENTITY,
BATCH-R2-0409,AFY_BATCH_PRODUCTION_20260820_R2,574,'18041,Indiana,Fayette,23533,DandAElectricalService,ChIJnbBcaQ27aogR8R5XdJRjZGs,,7,14,Connersville,"1812 Western Ave, Connersville, IN 47331",OPERATIONAL,TEXT_SEARCH_PRO_IDENTITY,
BATCH-R2-0410,AFY_BATCH_PRODUCTION_20260820_R2,601,'18105,Indiana,Monroe,143345,Unrivaled Electric,ChIJ380xvk9ZbIgR41fiaRpFvms,,6,60,Bloomington,"223 S Pete Ellis Dr, Bloomington, IN 47408",OPERATIONAL,TEXT_SEARCH_PRO_IDENTITY,
BATCH-R2-0411,AFY_BATCH_PRODUCTION_20260820_R2,90,'04003,Arizona,Cochise,126332,Electron Electrical,ChIJR628cw582UcRq8sdJ7xJgb8,,6,60,Hereford,"3454 E Piette Dr, Hereford, AZ 85615",OPERATIONAL,TEXT_SEARCH_PRO_IDENTITY,
BATCH-R2-0412,AFY_BATCH_PRODUCTION_20260820_R2,96,'04017,Arizona,Navajo,109946,Kay Electric,ChIJE7fEN8U8L4cRM-BDnXUiNWE,,6,60,Taylor,"125 Main St Box 1576, Taylor, AZ 85939",OPERATIONAL,TEXT_SEARCH_PRO_IDENTITY,
BATCH-R2-0413,AFY_BATCH_PRODUCTION_20260820_R2,427,'16005,Idaho,Bannock,91591,STS Electric,ChIJRQ5gAu5DVVMR8qb6NHcUqHY,,6,60,Chubbuck,"271 Tailwind Cir, Chubbuck, ID 83202",OPERATIONAL,TEXT_SEARCH_PRO_IDENTITY,
BATCH-R2-0414,AFY_BATCH_PRODUCTION_20260820_R2,585,'18067,Indiana,Howard,83904,"JML Electric, Inc.",ChIJm42_BZmFFIgR_GMo-FTVDCA,,6,28,Kokomo,"2765 Albright Rd Suite B, Kokomo, IN 46902",OPERATIONAL,TEXT_SEARCH_PRO_IDENTITY,
BATCH-R2-0415,AFY_BATCH_PRODUCTION_20260820_R2,433,'16017,Idaho,Bonner,54420,North County Electric LLC,ChIJmeAWRc_WY1MR_tsJsLeh4Pc,,6,60,Sandpoint,"1241 Michigan St, Sandpoint, ID 83864",OPERATIONAL,TEXT_SEARCH_PRO_IDENTITY,
BATCH-R2-0416,AFY_BATCH_PRODUCTION_20260820_R2,430,'16011,Idaho,Bingham,51153,"Horak Electric, Inc.",ChIJm2gnvC4RVVMRanPcKRvkCRs,,6,60,Blackfoot,"428 Collins St, Blackfoot, ID 83221",OPERATIONAL,TEXT_SEARCH_PRO_IDENTITY,
BATCH-R2-0417,AFY_BATCH_PRODUCTION_20260820_R2,605,'18113,Indiana,Noble,47937,Empire Electric and heating,ChIJk30E0pxDFogRRamoo0yYPYA,,6,60,Wolcottville,"102 Lovette St, Wolcottville, IN 46795",OPERATIONAL,TEXT_SEARCH_PRO_IDENTITY,
BATCH-R2-0418,AFY_BATCH_PRODUCTION_20260820_R2,451,'16057,Idaho,Latah,41842,EDA Electric,ChIJkQOzJtaJn1QR7iYdsMzxz70,,6,60,Moscow,"337 N Main St, Moscow, ID 83843",OPERATIONAL,TEXT_SEARCH_PRO_IDENTITY,
BATCH-R2-0419,AFY_BATCH_PRODUCTION_20260820_R2,93,'04009,Arizona,Graham,40157,Precision Electrical,ChIJnbqZEoH714YRBzM3aZBlaKg,,6,39,Safford,"295 W 20th St, Safford, AZ 85546",OPERATIONAL,TEXT_SEARCH_PRO_IDENTITY,
BATCH-R2-0420,AFY_BATCH_PRODUCTION_20260820_R2,579,'18051,Indiana,Gibson,33091,Titan Electrical,ChIJUWc3ssHfcYgR40q2orTf4yk,,6,60,Fort Branch,"7872 38 E, Fort Branch, IN 47648",OPERATIONAL,TEXT_SEARCH_PRO_IDENTITY,
BATCH-R2-0421,AFY_BATCH_PRODUCTION_20260820_R2,460,'16075,Idaho,Payette,27824,"Jangula's Electrical Connections, Inc.",ChIJ9SWDFYePr1QRDejWoSkb1fY,,6,60,Payette,"1580 NW 6th Ave, Payette, ID 83661",OPERATIONAL,TEXT_SEARCH_PRO_IDENTITY,
BATCH-R2-0422,AFY_BATCH_PRODUCTION_20260820_R2,572,'18035,Indiana,Delaware,113106,First Choice Electric,ChIJq6ruL8I8FYgRRE45aF7_Zcw,,5,57,Muncie,"3321 S Hoyt Ave, Muncie, IN 47302",OPERATIONAL,TEXT_SEARCH_PRO_IDENTITY,
BATCH-R2-0423,AFY_BATCH_PRODUCTION_20260820_R2,582,'18059,Indiana,Hancock,90969,Simply Electric LLC,ChIJEUgwodwPQiER_k59yTa06zg,,5,60,Greenfield,"484 S 675E, Greenfield, IN 46140",OPERATIONAL,TEXT_SEARCH_PRO_IDENTITY,
BATCH-R2-0424,AFY_BATCH_PRODUCTION_20260820_R2,593,'18085,Indiana,Kosciusko,80892,watson electric,ChIJcSeHhyiBFogRjwEVu9bnXxk,,5,60,Pierceton,"64 E M S R3E Ln, Pierceton, IN 46562",OPERATIONAL,TEXT_SEARCH_PRO_IDENTITY,
BATCH-R2-0425,AFY_BATCH_PRODUCTION_20260820_R2,433,'16017,Idaho,Bonner,54420,Heritage North Electric,ChIJLXKVgMHXY1MRRz67iIRqr84,,5,60,Sandpoint,"817 Baldy Mountain Rd, Sandpoint, ID 83864",OPERATIONAL,TEXT_SEARCH_PRO_IDENTITY,
BATCH-R2-0426,AFY_BATCH_PRODUCTION_20260820_R2,573,'18037,Indiana,Dubois,44016,A B Electric,ChIJOUwQ6ceObogRbspL7Kad-50,,5,60,Jasper,"120 N 500 E, Jasper, IN 47546",OPERATIONAL,TEXT_SEARCH_PRO_IDENTITY,
BATCH-R2-0427,AFY_BATCH_PRODUCTION_20260820_R2,457,'16069,Idaho,Nez Perce,42905,Prettyman Electric,ChIJ54irEA7LoVQRsOO2Ad6aM40,,5,60,Lewiston,"307 19th St a4, Lewiston, ID 83501",OPERATIONAL,TEXT_SEARCH_PRO_IDENTITY,
BATCH-R2-0428,AFY_BATCH_PRODUCTION_20260820_R2,583,'18061,Indiana,Harrison,40437,WJR Electrical Services,ChIJc9M_9qo3aYgRW9V3OTCB1ZA,,5,60,Ramsey,"2346 IN-64, Ramsey, IN 47166",OPERATIONAL,TEXT_SEARCH_PRO_IDENTITY,
BATCH-R2-0429,AFY_BATCH_PRODUCTION_20260820_R2,566,'18023,Indiana,Clinton,33322,Skiles Electric,ChIJeQh0AsNqE4gRRnsyvjnsRO0,,5,60,Frankfort,"3040 W County Rd 0 N/S, Frankfort, IN 46041",OPERATIONAL,TEXT_SEARCH_PRO_IDENTITY,
BATCH-R2-0430,AFY_BATCH_PRODUCTION_20260820_R2,450,'16053,Idaho,Jerome,26362,"Magic Electric, Plumbing, Heating + Air",ChIJ1dsVIqqfrFQRafNTWD2Taik,,5,60,Jerome,"393 Railway St, Jerome, ID 83338",OPERATIONAL,TEXT_SEARCH_PRO_IDENTITY,
BATCH-R2-0431,AFY_BATCH_PRODUCTION_20260820_R2,431,'16013,Idaho,Blaine,25517,"C & R Electric, Inc.",ChIJPx8FXaXTq1QRLeye7tOsdA8,,5,60,Hailey,"1040 Airport Way, Hailey, ID 83333",OPERATIONAL,TEXT_SEARCH_PRO_IDENTITY,
BATCH-R2-0432,AFY_BATCH_PRODUCTION_20260820_R2,601,'18105,Indiana,Monroe,143345,Herndon Electric Inc.,ChIJRXIJK9RibIgR7BObZHC0Ido,,4,60,Bloomington,"4850 N Mt Gilead Rd, Bloomington, IN 47408",OPERATIONAL,TEXT_SEARCH_PRO_IDENTITY,
BATCH-R2-0433,AFY_BATCH_PRODUCTION_20260820_R2,434,'16019,Idaho,Bonneville,135771,"Wheeler Electric, Inc.",ChIJf0ITVz9ZVFMRUA4LNeEgk0k,,4,60,Idaho Falls,"469 W 16th St, Idaho Falls, ID 83402",OPERATIONAL,TEXT_SEARCH_PRO_IDENTITY,
BATCH-R2-0434,AFY_BATCH_PRODUCTION_20260820_R2,90,'04003,Arizona,Cochise,126332,Silvics Electrical,ChIJuabXvE-30IYRnuk8lzr59V8,,4,60,Naco,"2011 W Newell St, Naco, AZ 85620",OPERATIONAL,TEXT_SEARCH_PRO_IDENTITY,
BATCH-R2-0435,AFY_BATCH_PRODUCTION_20260820_R2,595,'18091,Indiana,LaPorte,111294,Fickel's Electrical Services,ChIJLWH2gPgZEYgRka-thm5aHIg,,4,60,La Porte,"7711 N 200 E, La Porte, IN 46350",OPERATIONAL,TEXT_SEARCH_PRO_IDENTITY,
BATCH-R2-0436,AFY_BATCH_PRODUCTION_20260820_R2,575,'18043,Indiana,Floyd,82153,Zachary Adam's Home Services | Electrician | Southern Indiana,ChIJzz5I_KGraSERba74j228cNU,,4,60,New Albany,"555 Mt Tabor Rd, New Albany, IN 47150",OPERATIONAL,TEXT_SEARCH_PRO_IDENTITY,
BATCH-R2-0437,AFY_BATCH_PRODUCTION_20260820_R2,580,'18053,Indiana,Grant,66524,Expert Electric,ChIJS8-ULsNUFIgRC70EvOUvkGI,,4,60,Marion,"2916 E Bocock Rd, Marion, IN 46952",OPERATIONAL,TEXT_SEARCH_PRO_IDENTITY,
BATCH-R2-0438,AFY_BATCH_PRODUCTION_20260820_R2,92,'04007,Arizona,Gila,53801,RJC Electric,ChIJz7Tivf0QLIcRkDOLgSSHNe0,,4,60,Payson,"115 E Pine St, Payson, AZ 85541",OPERATIONAL,TEXT_SEARCH_PRO_IDENTITY,
BATCH-R2-0439,AFY_BATCH_PRODUCTION_20260820_R2,598,'18099,Indiana,Marshall,46599,Dynamix Electric LLC,ChIJWxcebeZ3dQkRKTt-5hxB-tQ,,4,60,Bourbon,"104 W Clay St, Bourbon, IN 46504",OPERATIONAL,TEXT_SEARCH_PRO_IDENTITY,
BATCH-R2-0440,AFY_BATCH_PRODUCTION_20260820_R2,583,'18061,Indiana,Harrison,40437,Remedy Electrical Services,ChIJD-aeIVm2cEMRHc-xHxSK6KM,,4,60,New Salisbury,"9045 Oak Park Rd, New Salisbury, IN 47161",OPERATIONAL,TEXT_SEARCH_PRO_IDENTITY,
BATCH-R2-0441,AFY_BATCH_PRODUCTION_20260820_R2,93,'04009,Arizona,Graham,40157,Pro Power Solutions LLC,ChIJbXRJqgr514YR_8j9VYinKrI,,4,39,Safford,"3632 Emory Rd, Safford, AZ 85546",OPERATIONAL,TEXT_SEARCH_PRO_IDENTITY,
BATCH-R2-0442,AFY_BATCH_PRODUCTION_20260820_R2,602,'18107,Indiana,Montgomery,38954,L&C Electrical,ChIJaSdy4wotE4gRYp7epI5v7N0,,4,39,New Ross,"3254 S 600 E, New Ross, IN 47968",OPERATIONAL,TEXT_SEARCH_PRO_IDENTITY,
BATCH-R2-0443,AFY_BATCH_PRODUCTION_20260820_R2,600,'18103,Indiana,Miami,34487,Hoosier Pro Electric,ChIJkwh5QCNxFIgR4fWycZCSBjo,,4,60,Peru,"3461 N 500 W, Peru, IN 46970",OPERATIONAL,TEXT_SEARCH_PRO_IDENTITY,
BATCH-R2-0444,AFY_BATCH_PRODUCTION_20260820_R2,460,'16075,Idaho,Payette,27824,Power Pro Electrical Contractors,ChIJLWesHWaPr1QRs10CLWmRtz4,,4,60,Fruitland,"805 NW 3rd St, Fruitland, ID 83619",OPERATIONAL,TEXT_SEARCH_PRO_IDENTITY,
BATCH-R2-0445,AFY_BATCH_PRODUCTION_20260820_R2,450,'16053,Idaho,Jerome,26362,Core Electric,ChIJM1oGpoWdrFQRPu6yvlyUaL8,,4,60,Jerome,"1922 S Lincoln Ave, Jerome, ID 83338",OPERATIONAL,TEXT_SEARCH_PRO_IDENTITY,
BATCH-R2-0446,AFY_BATCH_PRODUCTION_20260820_R2,431,'16013,Idaho,Blaine,25517,EC Electric,ChIJj9DXe37Uq1QRjPtXvGYvFZU,,4,60,Hailey,"4051 Black Oak Dr, Hailey, ID 83333",OPERATIONAL,TEXT_SEARCH_PRO_IDENTITY,
BATCH-R2-0447,AFY_BATCH_PRODUCTION_20260820_R2,574,'18041,Indiana,Fayette,23533,Lay's Wiring Services,ChIJPcHmLIOWaogRs7QSJ4-Cjmc,,4,14,Connersville,"3631 W Starlight Dr, Connersville, IN 47331",OPERATIONAL,TEXT_SEARCH_PRO_IDENTITY,
BATCH-R2-0448,AFY_BATCH_PRODUCTION_20260820_R2,91,'04005,Arizona,Coconino,144368,"KC's Elite Electric, LLC",ChIJReCEiRaPLYcRTtoUeOFHBFQ,,3,60,Flagstaff,"104 N WC Riles St Unit 381, Flagstaff, AZ 86002",OPERATIONAL,TEXT_SEARCH_PRO_IDENTITY,
BATCH-R2-0449,AFY_BATCH_PRODUCTION_20260820_R2,601,'18105,Indiana,Monroe,143345,"Cassady Electric, LLC",ChIJ_S3AG81fbIgROB_4PVHTi8E,,3,60,Bloomington,"5600 IN-46, Bloomington, IN 47404",OPERATIONAL,TEXT_SEARCH_PRO_IDENTITY,
BATCH-R2-0450,AFY_BATCH_PRODUCTION_20260820_R2,90,'04003,Arizona,Cochise,126332,Barataria Electric,ChIJTTiV-HQt14YRI0OFkA720ew,,3,60,Sierra Vista,"8922 E McCrum Ln, Sierra Vista, AZ 85650",OPERATIONAL,TEXT_SEARCH_PRO_IDENTITY,
BATCH-R2-0451,AFY_BATCH_PRODUCTION_20260820_R2,595,'18091,Indiana,LaPorte,111294,PM Electrical LLC,ChIJzXoXJrcOEYgRrRa-vLII6H8,,3,60,La Porte,"5888 W Johnson Rd, La Porte, IN 46350",OPERATIONAL,TEXT_SEARCH_PRO_IDENTITY,
BATCH-R2-0452,AFY_BATCH_PRODUCTION_20260820_R2,96,'04017,Arizona,Navajo,109946,Gideon's Works LLC,ChIJ13mEVGYzL4cRJPLka0byaSE,,3,60,Show Low,"1028 Pine Ridge Dr, Show Low, AZ 85901",OPERATIONAL,TEXT_SEARCH_PRO_IDENTITY,
BATCH-R2-0453,AFY_BATCH_PRODUCTION_20260820_R2,464,'16083,Idaho,Twin Falls,97539,Westphal & Sons Inc Electrical Contractors,ChIJO0z7EAW9rFQRnvx_qUSTBdo,,3,60,Filer,"21333 US-30 US, Filer, ID 83328",OPERATIONAL,TEXT_SEARCH_PRO_IDENTITY,
BATCH-R2-0454,AFY_BATCH_PRODUCTION_20260820_R2,582,'18059,Indiana,Hancock,90969,JFM INDUSTRIAL SERVICES LLC,ChIJexNWtvDpKEIRxWZ1-kcIDgA,,3,60,Greenfield,"W 100 S, Greenfield, IN 46140",OPERATIONAL,TEXT_SEARCH_PRO_IDENTITY,
BATCH-R2-0455,AFY_BATCH_PRODUCTION_20260820_R2,557,'18005,Indiana,Bartholomew,85729,"CMR Electric, Inc.",ChIJWfczKtKha4gRKVE3CJcNgus,,3,46,Columbus,"3620 Commerce Dr, Columbus, IN 47201",OPERATIONAL,TEXT_SEARCH_PRO_IDENTITY,
BATCH-R2-0456,AFY_BATCH_PRODUCTION_20260820_R2,593,'18085,Indiana,Kosciusko,80892,Knees Electrical Service,ChIJI5Zv05KdFogRlctOZk-gCOc,,3,60,Warsaw,"3572 US-30, Warsaw, IN 46580",OPERATIONAL,TEXT_SEARCH_PRO_IDENTITY,
BATCH-R2-0457,AFY_BATCH_PRODUCTION_20260820_R2,603,'18109,Indiana,Morgan,74967,Grounded Solutions,ChIJpS5611CibIgRQaaMtWHHi9Q,,3,60,Martinsville,"450 E Mahalasville Dr, Martinsville, IN 46151",OPERATIONAL,TEXT_SEARCH_PRO_IDENTITY,
BATCH-R2-0458,AFY_BATCH_PRODUCTION_20260820_R2,580,'18053,Indiana,Grant,66524,RBL Electric LLC,ChIJUf25mqsBFYgR0Ilaznzy8wI,,3,60,Gas City,"227 E Main St, Gas City, IN 46933",OPERATIONAL,TEXT_SEARCH_PRO_IDENTITY,
BATCH-R2-0459,AFY_BATCH_PRODUCTION_20260820_R2,433,'16017,Idaho,Bonner,54420,Panhandle Electric,ChIJ49HoMAnf4YoRdEbUTnIeodE,,3,60,Sandpoint,"31827 ID-200 Site 3, Sandpoint, ID 83864",OPERATIONAL,TEXT_SEARCH_PRO_IDENTITY,
BATCH-R2-0460,AFY_BATCH_PRODUCTION_20260820_R2,584,'18065,Indiana,Henry,49137,"Freedom Electric, LLC",ChIJ-_jzj8HXaogR3uQF05yV_GA,,3,60,Knightstown,"253 W Morgan St Unit 1, Knightstown, IN 46148",OPERATIONAL,TEXT_SEARCH_PRO_IDENTITY,
BATCH-R2-0461,AFY_BATCH_PRODUCTION_20260820_R2,573,'18037,Indiana,Dubois,44016,Gasser Electric,ChIJoQkl301hbogRjInjZBkw_n8,,3,60,Huntingburg,"309 N Main St, Huntingburg, IN 47542",OPERATIONAL,TEXT_SEARCH_PRO_IDENTITY,
BATCH-R2-0462,AFY_BATCH_PRODUCTION_20260820_R2,457,'16069,Idaho,Nez Perce,42905,Wired Up Electric,ChIJC22RsUNLoFQRz9i5dmNd6gQ,,3,60,Lewiston,"1905 Powers Ave, Lewiston, ID 83501",OPERATIONAL,TEXT_SEARCH_PRO_IDENTITY,
BATCH-R2-0463,AFY_BATCH_PRODUCTION_20260820_R2,451,'16057,Idaho,Latah,41842,Wireworks Electric,ChIJwZ5W32MnoFQRwlQi2V37SDU,,3,60,Moscow,"1008 S Jefferson St, Moscow, ID 83843",OPERATIONAL,TEXT_SEARCH_PRO_IDENTITY,
BATCH-R2-0464,AFY_BATCH_PRODUCTION_20260820_R2,93,'04009,Arizona,Graham,40157,E.A. Electric,ChIJNfrY0I7614YRzInFQHXI0QE,,3,39,Safford,"925 W Cactus Rd, Safford, AZ 85546",OPERATIONAL,TEXT_SEARCH_PRO_IDENTITY,
BATCH-R2-0465,AFY_BATCH_PRODUCTION_20260820_R2,602,'18107,Indiana,Montgomery,38954,C & E Electric,ChIJv_97aBjWEogRCVCj27c-ai8,,3,39,Crawfordsville,"808 W Main St, Crawfordsville, IN 47933",OPERATIONAL,TEXT_SEARCH_PRO_IDENTITY,
BATCH-R2-0466,AFY_BATCH_PRODUCTION_20260820_R2,586,'18069,Indiana,Huntington,37224,"PeGan Electric, Inc. | Industrial & Commercial Electrical services",ChIJSdjGpjwKcY0RtNRQg9FS9Es,,3,60,Huntington,"6062 N 100 W, Huntington, IN 46750",OPERATIONAL,TEXT_SEARCH_PRO_IDENTITY,
BATCH-R2-0467,AFY_BATCH_PRODUCTION_20260820_R2,592,'18083,Indiana,Knox,35652,"Jerry Smith Electrical, Inc",ChIJlzahmcvibYgR2vT101qZ7XY,,3,60,Vincennes,"5846 E Old Hwy 50, Vincennes, IN 47591",OPERATIONAL,TEXT_SEARCH_PRO_IDENTITY,
BATCH-R2-0468,AFY_BATCH_PRODUCTION_20260820_R2,449,'16051,Idaho,Jefferson,35297,Mountain Valley Electric,ChIJRzD6VjFvVFMRCJAw2FXeyFU,,3,60,Rigby,"175 N 3878 E, Rigby, ID 83442",OPERATIONAL,TEXT_SEARCH_PRO_IDENTITY,
BATCH-R2-0469,AFY_BATCH_PRODUCTION_20260820_R2,566,'18023,Indiana,Clinton,33322,Congleton Services,ChIJF-Os_TJrE4gR46kGqzlgoRc,,3,60,Frankfort,"3823 W County Rd 300 S, Frankfort, IN 46041",OPERATIONAL,TEXT_SEARCH_PRO_IDENTITY,
BATCH-R2-0470,AFY_BATCH_PRODUCTION_20260820_R2,591,'18079,Indiana,Jennings,27622,Majestic Electric,ChIJ1ygMT6yza4gRN-xJAdJmV5c,,3,57,North Vernon,"4650 IN-3, North Vernon, IN 47265",OPERATIONAL,TEXT_SEARCH_PRO_IDENTITY,
BATCH-R2-0471,AFY_BATCH_PRODUCTION_20260820_R2,431,'16013,Idaho,Blaine,25517,Altitude Electric,ChIJDe-jyzbVq1QRuQXvJSshqlM,,3,60,Hailey,"1070 Mountain Dr Unit E, Hailey, ID 83333",OPERATIONAL,TEXT_SEARCH_PRO_IDENTITY,
BATCH-R2-0472,AFY_BATCH_PRODUCTION_20260820_R2,574,'18041,Indiana,Fayette,23533,K & K Electric Services,ChIJOygEUg67aogReO2KAWMHk8U,,3,14,Connersville,"700 W 22nd St, Connersville, IN 47331",OPERATIONAL,TEXT_SEARCH_PRO_IDENTITY,
BATCH-R2-0473,AFY_BATCH_PRODUCTION_20260820_R2,91,'04005,Arizona,Coconino,144368,Coconino Electric,ChIJ69pnfkSPLYcRBj-SqW_-OdY,,2,60,Flagstaff,"602 W Rte 66 A, Flagstaff, AZ 86001",OPERATIONAL,TEXT_SEARCH_PRO_IDENTITY,
BATCH-R2-0474,AFY_BATCH_PRODUCTION_20260820_R2,601,'18105,Indiana,Monroe,143345,Absolute Electric & Maintenance LLC,ChIJfZWqcEtebIgRUygSkR_tn44,,2,60,Bloomington,"5385 N Lakeview Dr, Bloomington, IN 47404",OPERATIONAL,TEXT_SEARCH_PRO_IDENTITY,
BATCH-R2-0475,AFY_BATCH_PRODUCTION_20260820_R2,434,'16019,Idaho,Bonneville,135771,Inrush Electric LLC,ChIJM0dWx8FfVFMRLXxaKtOCk1o,,2,60,Idaho Falls,"777 Hoopes Ave, Idaho Falls, ID 83401",OPERATIONAL,TEXT_SEARCH_PRO_IDENTITY,
BATCH-R2-0476,AFY_BATCH_PRODUCTION_20260820_R2,90,'04003,Arizona,Cochise,126332,"Conklin Electrical ETC., LLC",ChIJg_2Je2610IYRx8Il6LMO3d0,,2,60,Bisbee,"1008 AZ-92 #1514, Bisbee, AZ 85603",OPERATIONAL,TEXT_SEARCH_PRO_IDENTITY,
BATCH-R2-0477,AFY_BATCH_PRODUCTION_20260820_R2,595,'18091,Indiana,LaPorte,111294,AmpedUp LLC,ChIJgc5hGQs1GiQR5aOKGhCOf14,,2,60,La Porte,"1074 W Severs Rd, La Porte, IN 46350",OPERATIONAL,TEXT_SEARCH_PRO_IDENTITY,
BATCH-R2-0478,AFY_BATCH_PRODUCTION_20260820_R2,557,'18005,Indiana,Bartholomew,85729,HNF Electric,ChIJt6muno-ha4gR5jCdtS7_cH8,,2,46,Columbus,"1634 N Gladstone Ave, Columbus, IN 47201",OPERATIONAL,TEXT_SEARCH_PRO_IDENTITY,
BATCH-R2-0479,AFY_BATCH_PRODUCTION_20260820_R2,585,'18067,Indiana,Howard,83904,Knee's Electrical Service,ChIJ19VjrpOFFIgRMpfvGludUeA,,2,28,Kokomo,"2144 N Plate St, Kokomo, IN 46901",OPERATIONAL,TEXT_SEARCH_PRO_IDENTITY,
BATCH-R2-0480,AFY_BATCH_PRODUCTION_20260820_R2,575,'18043,Indiana,Floyd,82153,Sky Electrical LLC.,ChIJQReyT-JtaYgRHY560q74tW8,,2,60,New Albany,"242 Vincennes St, New Albany, IN 47150",OPERATIONAL,TEXT_SEARCH_PRO_IDENTITY,
BATCH-R2-0481,AFY_BATCH_PRODUCTION_20260820_R2,455,'16065,Idaho,Madison,55172,Platinum Electric,ChIJk1ccGJtJAkcRuYJVeD_N-KI,,2,60,Rexburg,"2794 ID-33 Suite B, Rexburg, ID 83440",OPERATIONAL,TEXT_SEARCH_PRO_IDENTITY,
BATCH-R2-0482,AFY_BATCH_PRODUCTION_20260820_R2,433,'16017,Idaho,Bonner,54420,Top Notch Electric LLC,ChIJazvzU8QGhYARJXw12g0ddrk,,2,60,Sandpoint,"855 Wood View Rd, Sandpoint, ID 83864",OPERATIONAL,TEXT_SEARCH_PRO_IDENTITY,
BATCH-R2-0483,AFY_BATCH_PRODUCTION_20260820_R2,587,'18071,Indiana,Jackson,47370,Bode Electric,ChIJ-3xRAPi-a4gRtLbtJU02OXs,,2,60,Seymour,"659 Reliance Ave, Seymour, IN 47274",OPERATIONAL,TEXT_SEARCH_PRO_IDENTITY,
BATCH-R2-0484,AFY_BATCH_PRODUCTION_20260820_R2,596,'18093,Indiana,Lawrence,45568,Harrison Residential Electric LLC,ChIJAVO4Wm_1PAERybvjBtI9qqA,,2,60,Bedford,"716 22nd St, Bedford, IN 47421",OPERATIONAL,TEXT_SEARCH_PRO_IDENTITY,
BATCH-R2-0485,AFY_BATCH_PRODUCTION_20260820_R2,457,'16069,Idaho,Nez Perce,42905,Branting Electric LLC,ChIJJVEtxZy1oVQRgUo5fcSsFMQ,,2,60,Lewiston,"3408 5th St E, Lewiston, ID 83501",OPERATIONAL,TEXT_SEARCH_PRO_IDENTITY,
BATCH-R2-0486,AFY_BATCH_PRODUCTION_20260820_R2,93,'04009,Arizona,Graham,40157,Copper Connection,ChIJiZHDo6yFVUgRAVJJgkqUoyk,,2,39,Thatcher,"3568 W 1st St, Thatcher, AZ 85552",OPERATIONAL,TEXT_SEARCH_PRO_IDENTITY,
BATCH-R2-0487,AFY_BATCH_PRODUCTION_20260820_R2,602,'18107,Indiana,Montgomery,38954,McCord Electrical Inc.,ChIJT-T44T3bEogRbhKZrNmiGO8,,2,39,Wingate,"7946 W 860 N, Wingate, IN 47994",OPERATIONAL,TEXT_SEARCH_PRO_IDENTITY,
BATCH-R2-0488,AFY_BATCH_PRODUCTION_20260820_R2,563,'18017,Indiana,Cass,37836,Carmichael Electric,ChIJHSDWx2CIE4gRQpmJ6xa1Vh4,,2,60,Logansport,"1 Cass City Center Ste 207, Logansport, IN 46947",OPERATIONAL,TEXT_SEARCH_PRO_IDENTITY,
BATCH-R2-0489,AFY_BATCH_PRODUCTION_20260820_R2,586,'18069,Indiana,Huntington,37224,Young Electric Inc,ChIJbwdLCdvJFYgRAjZNae2Cd4s,,2,60,Huntington,"221 S Jefferson St, Huntington, IN 46750",OPERATIONAL,TEXT_SEARCH_PRO_IDENTITY,
BATCH-R2-0490,AFY_BATCH_PRODUCTION_20260820_R2,439,'16031,Idaho,Cassia,26397,Five Star Electric Idaho,ChIJl1R0chzka28RQmOSayRohIQ,,2,53,Declo,"4 1050 E, Declo, ID 83323",OPERATIONAL,TEXT_SEARCH_PRO_IDENTITY,
BATCH-R2-0491,AFY_BATCH_PRODUCTION_20260820_R2,450,'16053,Idaho,Jerome,26362,Electrical Contractors of Idaho,ChIJO6GAM_uCrFQRzxZzlmK6VYk,,2,60,Jerome,"125 W Ave F, Jerome, ID 83338",OPERATIONAL,TEXT_SEARCH_PRO_IDENTITY,
BATCH-R2-0492,AFY_BATCH_PRODUCTION_20260820_R2,577,'18047,Indiana,Franklin,23286,Ludwig Contracting Inc,ChIJZ8eLSc2CaogR0M47cmnOGDs,,2,34,Brookville,"9131 US-52, Brookville, IN 47012",OPERATIONAL,TEXT_SEARCH_PRO_IDENTITY,
BATCH-R2-0493,AFY_BATCH_PRODUCTION_20260820_R2,91,'04005,Arizona,Coconino,144368,Northern Arizona Electrical Solutions LLC,ChIJxVT8prmPLYcRZJWXCFIHLSE,,1,60,Flagstaff,"6130 US-89, Flagstaff, AZ 86004",OPERATIONAL,TEXT_SEARCH_PRO_IDENTITY,
BATCH-R2-0494,AFY_BATCH_PRODUCTION_20260820_R2,564,'18019,Indiana,Clark,130451,R&M Electrical Services,ChIJUy-aNdVxaYgRhGOnWt2q624,,1,60,Sellersburg,"602 W Utica St, Sellersburg, IN 47172",OPERATIONAL,TEXT_SEARCH_PRO_IDENTITY,
BATCH-R2-0495,AFY_BATCH_PRODUCTION_20260820_R2,90,'04003,Arizona,Cochise,126332,Dry Lightning Enterprises LLC,ChIJH61WE2mgVkgRzc1VFy0AnSo,,1,60,Sierra Vista,"501 Earl Dr, Sierra Vista, AZ 85635",OPERATIONAL,TEXT_SEARCH_PRO_IDENTITY,
BATCH-R2-0496,AFY_BATCH_PRODUCTION_20260820_R2,572,'18035,Indiana,Delaware,113106,Knee's Electrical Service,ChIJ-4W8cac9FYgREZVqWq1059E,,1,57,Muncie,"2911 N Oakwood Ave Ste E, Muncie, IN 47304",OPERATIONAL,TEXT_SEARCH_PRO_IDENTITY,
BATCH-R2-0497,AFY_BATCH_PRODUCTION_20260820_R2,582,'18059,Indiana,Hancock,90969,"Belcher Electric, LLC",ChIJbwXebtgza4gR_4-MezYxiFc,,1,60,Greenfield,"POLE BARN, 4412 N 25 W, Greenfield, IN 46140",OPERATIONAL,TEXT_SEARCH_PRO_IDENTITY,
BATCH-R2-0498,AFY_BATCH_PRODUCTION_20260820_R2,557,'18005,Indiana,Bartholomew,85729,Clarke Electrical Services LLC,ChIJ2ehL84N_bIgRh_xxcszyF6w,,1,46,Columbus,"233 S Gladstone Ave, Columbus, IN 47201",OPERATIONAL,TEXT_SEARCH_PRO_IDENTITY,
BATCH-R2-0499,AFY_BATCH_PRODUCTION_20260820_R2,593,'18085,Indiana,Kosciusko,80892,Lake City Electric,ChIJU_WyT2CdFogR71ixQ-K22J0,,1,60,Warsaw,"501 Argonne Rd, Warsaw, IN 46580",OPERATIONAL,TEXT_SEARCH_PRO_IDENTITY,
BATCH-R2-0500,AFY_BATCH_PRODUCTION_20260820_R2,580,'18053,Indiana,Grant,66524,Knee's Electrical Service,ChIJ33KILTj_FIgRrNPe_Z116YQ,,1,60,Marion,"621 N Miller Ave, Marion, IN 46952",OPERATIONAL,TEXT_SEARCH_PRO_IDENTITY,
BATCH-R2-0501,AFY_BATCH_PRODUCTION_20260820_R2,92,'04007,Arizona,Gila,53801,Payson Electric,ChIJUeMKbTfA1YgRzrfiLgJQSOo,,1,60,Payson,"Payson, AZ 85541",OPERATIONAL,TEXT_SEARCH_PRO_IDENTITY,
BATCH-R2-0502,AFY_BATCH_PRODUCTION_20260820_R2,569,'18029,Indiana,Dearborn,51609,Elite Electrical Solutions LLC,ChIJPYrhJuXXQYgRP0NHVkb6bU8,,1,60,Lawrenceburg,"162 Hardwood Ridge Dr, Lawrenceburg, IN 47025",OPERATIONAL,TEXT_SEARCH_PRO_IDENTITY,
BATCH-R2-0503,AFY_BATCH_PRODUCTION_20260820_R2,430,'16011,Idaho,Bingham,51153,K&M Electric,ChIJQRRa9_oCnEcRcZA1SxQRJlc,,1,60,Blackfoot,"753 W 175 N, Blackfoot, ID 83221",OPERATIONAL,TEXT_SEARCH_PRO_IDENTITY,
BATCH-R2-0504,AFY_BATCH_PRODUCTION_20260820_R2,605,'18113,Indiana,Noble,47937,TNA Electric LLC,ChIJYU5U7z5vFogR6X2r75pl2Dk,,1,60,Albion,"Albion Rd, Albion, IN 46701",OPERATIONAL,TEXT_SEARCH_PRO_IDENTITY,
BATCH-R2-0505,AFY_BATCH_PRODUCTION_20260820_R2,573,'18037,Indiana,Dubois,44016,Schott Electric Co Inc,ChIJ-dz_XWCPbogRo2ieDfT9QBU,,1,60,Dubois,"3988 N 4th St, Dubois, IN 47527",OPERATIONAL,TEXT_SEARCH_PRO_IDENTITY,
BATCH-R2-0506,AFY_BATCH_PRODUCTION_20260820_R2,457,'16069,Idaho,Nez Perce,42905,"RD Electric - Your friendly, local, & highly rated electrician team",ChIJHfIJyLBLoFQR7kELsyXWCAI,,1,60,Lewiston,"3106 E Main St, Lewiston, ID 83501",OPERATIONAL,TEXT_SEARCH_PRO_IDENTITY,
BATCH-R2-0507,AFY_BATCH_PRODUCTION_20260820_R2,451,'16057,Idaho,Latah,41842,Cheetah Electric,ChIJZyiBlrqJn1QRb6I67D_O6vc,,1,60,Moscow,"206 W Morton St, Moscow, ID 83843",OPERATIONAL,TEXT_SEARCH_PRO_IDENTITY,
BATCH-R2-0508,AFY_BATCH_PRODUCTION_20260820_R2,93,'04009,Arizona,Graham,40157,Industrial Electric Services,ChIJ_WovJ4X814YRNAE5CWQuhlc,,1,39,Safford,"1220 W 8th St, Safford, AZ 85546",OPERATIONAL,TEXT_SEARCH_PRO_IDENTITY,
BATCH-R2-0509,AFY_BATCH_PRODUCTION_20260820_R2,568,'18027,Indiana,Daviess,34209,"D&D Electrical, LLC",ChIJrV5C-BLXbYgRxQn0wBHvz9c,,1,60,Montgomery,"7097 County Rd 650 E, Montgomery, IN 47558",OPERATIONAL,TEXT_SEARCH_PRO_IDENTITY,
BATCH-R2-0510,AFY_BATCH_PRODUCTION_20260820_R2,460,'16075,Idaho,Payette,27824,"Burke Electric, Inc.",ChIJZdydTuaFr1QR6U_iNTVz0TM,,1,60,Payette,"56 N 6th St, Payette, ID 83661",OPERATIONAL,TEXT_SEARCH_PRO_IDENTITY,
BATCH-R2-0511,AFY_BATCH_PRODUCTION_20260820_R2,591,'18079,Indiana,Jennings,27622,Prime Electric Inc,ChIJOaSn0C61a4gRwbx4o0593uM,,1,57,North Vernon,"2970 IN-3, North Vernon, IN 47265",OPERATIONAL,TEXT_SEARCH_PRO_IDENTITY,
BATCH-R2-0512,AFY_BATCH_PRODUCTION_20260820_R2,450,'16053,Idaho,Jerome,26362,Magic Valley Electric LLC,ChIJ5bkKtp6jrFQRFBcN5yjT3F8,,1,60,Jerome,"395 Railway St Ste A, Jerome, ID 83338",OPERATIONAL,TEXT_SEARCH_PRO_IDENTITY,
BATCH-R2-0513,AFY_BATCH_PRODUCTION_20260820_R2,431,'16013,Idaho,Blaine,25517,Current Solutions,ChIJ4bqg5ljTq1QR-l3bcLbhmOE,,1,60,Bellevue,"1311 S Main St Unit A, Bellevue, ID 83313",OPERATIONAL,TEXT_SEARCH_PRO_IDENTITY,
BATCH-R2-0514,AFY_BATCH_PRODUCTION_20260820_R2,574,'18041,Indiana,Fayette,23533,McGuire Electric,ChIJo6lhVpVFyiIRkZ-tax-yDR8,,1,14,Connersville,"5450 IN-44, Connersville, IN 47331",OPERATIONAL,TEXT_SEARCH_PRO_IDENTITY,
